,ID,Food Concept,URLs
0,B000000,WORCESTERSHIRE SAUCE,FOODON_03305003;FOODON_03311146
1,B000001,CREAM CHEESE,FOODON_03301889
2,B000002,MIXTURE,CHEBI_60004
3,B000003,WALNUTS,NCBITaxon_16718
4,B000004,ONION,FOODON_03316347;NCBITaxon_4679
5,B000005,FIRM,PATO_0002450
6,B000006,MOZZARELLA CHEESE,FOODON_03303578
7,B000007,MAYONNAISE,FOODON_03301440
8,B000008,ARTICHOKE,NCBITaxon_59895
9,B000009,TORTILLA,FOODON_03307668
10,B000010,PROVOLONE CHEESE,FOODON_03302916
11,B000011,GARLIC,NCBITaxon_4682
12,B000012,WATER,ENVO_00002006
13,B000013,LAYER,ENVO_01000281
14,B000014,OIL,FOODON_03310387
15,B000015,LEMON JUICE,FOODON_03301441;FOODON_03305428
16,B000016,OLIVE OIL,FOODON_03310387;FOODON_03301826
17,B000017,GARBANZO,NCBITaxon_3827
18,B000018,PROCESS,BFO_0000015
19,B000019,HONEY,UBERON_0036016
20,B000020,SALT,CHEBI_24866
21,B000021,FOOD,CHEBI_33290
22,B000022,VEGETABLE OIL,FOODON_03305263;FOODON_03310387
23,B000023,CHICKEN,FOODON_03411457;NCBITaxon_9031
24,B000024,COOKIE,FOODON_03301585
25,B000025,SAUCE,FOODON_03311146
26,B000026,CORN,NCBITaxon_381124
27,B000027,SALAD DRESSING,FOODON_03303223;FOODON_00001290;FOODON_03316042;FOODON_03315498
28,B000028,CHEDDAR CHEESE,FOODON_03302458
29,B000029,PLASTIC,FOODON_03500036
30,B000030,MILK,UBERON_0001913
31,B000031,RICE,NCBITaxon_4530
32,B000032,LEAF,PO_0025034
33,B000033,BROWN SUGAR,FOODON_03420108;FOODON_03302833;FOODON_03420156
34,B000034,BEET JUICE,FOODON_03302034;NCBITaxon_161934
35,B000035,CINNAMON,NCBITaxon_128608;FOODON_03301175
36,B000036,VINEGAR,FOODON_03301705
37,B000037,LIQUID,FOODON_03412974
38,B000038,SIZE,PATO_0000117
39,B000039,HARD,PATO_0000386
40,B000040,VANILLA EXTRACT,FOODON_03316764;NCBITaxon_51238
41,B000041,WHITE SUGAR,FOODON_03420108;FOODON_03420157
42,B000042,VANILLA,FOODON_03411355;NCBITaxon_51238
43,B000043,ALMOND,NCBITaxon_3755
44,B000044,LIME JUICE,FOODON_03305086;FOODON_03306160
45,B000045,ORANGE,FOODON_03309832
46,B000046,SOY SAUCE,FOODON_03311146;FOODON_03301115
47,B000047,CARROTS,NCBITaxon_4039
48,B000048,BATTER,FOODON_03301304
49,B000049,FLOUR,FOODON_03301116
50,B000050,GARLIC SALT,NCBITaxon_4682;FOODON_03307739;CHEBI_24866
51,B000051,SAUERKRAUT,FOODON_03301397
52,B000052,SOFT,PATO_0000387
53,B000053,GARLIC POWDER,FOODON_03301844;NCBITaxon_4682
54,B000054,SOUR CREAM,FOODON_03302515
55,B000055,BUTTER,FOODON_03310351
56,B000056,SEAL,NCBITaxon_9709
57,B000057,PIZZA SAUCE,FOODON_03306786;FOODON_03311146
58,B000058,PEPPERONI,FOODON_03311003
59,B000059,PEPPERS,NCBITaxon_4071
60,B000060,BANANA,NCBITaxon_89151;NCBITaxon_4641
61,B000061,DRESSING,FOODON_03315498
62,B000062,JAR,FOODON_03490215
63,B000063,MEATBALL,FOODON_03317284
64,B000064,BOILING,FOODON_03450014
65,B000065,SALTED,FOODON_03460173
66,B000066,SPRAY,FOODON_03430168
67,B000067,PASTA,FOODON_03306347
68,B000068,NUTMEG,FOODON_03316426;NCBITaxon_51089
69,B000069,SUGAR,FOODON_03420108
70,B000070,SYRUP,FOODON_03303225;FOODON_03430167
71,B000071,BLUE CHEESE DRESSING,FOODON_03303510;FOODON_03315498;FOODON_00001065
72,B000072,BLUE CHEESE,FOODON_03301128;FOODON_00001065
73,B000073,MARGARINE,FOODON_03301672
74,B000074,GINGER,NCBITaxon_94328
75,B000075,CRAB,FOODON_03411335
76,B000076,SEAWEED,FOODON_03412266
77,B000077,ITALIAN DRESSING,ancestro_0307;FOODON_03315498;FOODON_03303447
78,B000078,ITALIAN,ancestro_0307;hancestro_0307
79,B000079,HORSERADISH,FOODON_03316284
80,B000080,SHRIMP,FOODON_03411237
81,B000081,PEAS,NCBITaxon_3888
82,B000082,GLASS,FOODON_03500040
83,B000083,AVOCADO,NCBITaxon_3435;FOODON_03305236
84,B000084,SALSA,FOODON_03310086
85,B000085,CHILI POWDER,FOODON_03302030
86,B000086,TACO SAUCE,FOODON_03311146;FOODON_03302032
87,B000087,MUSHROOM,FOODON_00001287
88,B000088,GOAT,FOODON_03411328;NCBITaxon_9925
89,B000089,ONION POWDER,FOODON_03316347;FOODON_03301845
90,B000090,SPINACH,NCBITaxon_3562
91,B000091,TURKEY,GAZ_00000558;NCBITaxon_9103
92,B000092,EVAPORATED MILK,FOODON_03301505;UBERON_0001913
93,B000093,BAKING POWDER,FOODON_03301940
94,B000094,PICKLING SPICE,FOODON_03303380;FOODON_03304737
95,B000095,BRINE,FOODON_03302715
96,B000096,TEMPERATURE,PATO_0000146
97,B000097,FISH SAUCE,FOODON_03317197;FOODON_03311146;FOODON_03411222
98,B000098,VERMICELLI,FOODON_03303926
99,B000099,SPRING,ENVO_00000027
100,B000100,BASIL,NCBITaxon_39350
101,B000101,FISH,NCBITaxon_7898;NCBITaxon_7777;FOODON_03411222
102,B000102,THAI,hancestro_0500;ancestro_0500
103,B000103,PAPRIKA,FOODON_03301105
104,B000104,CAYENNE PEPPER,FOODON_03315872
105,B000105,GRATED CHEESE,FOODON_03302803
106,B000106,POTATOES,NCBITaxon_4113
107,B000107,CHORIZO,FOODON_03316070
108,B000108,POTATO,NCBITaxon_4113
109,B000109,THYME,NCBITaxon_49992
110,B000110,CORN SYRUP,FOODON_03303225;FOODON_03301061;NCBITaxon_381124
111,B000111,LIME,FOODON_03305086
112,B000112,LEBANESE,ancestro_0443;hancestro_0443
113,B000113,FETA CHEESE,FOODON_03307280
114,B000114,VERMOUTH,FOODON_03307808
115,B000115,GELATIN,FOODON_03315647;CHEBI_5291
116,B000116,SHERRY,FOODON_03310760
117,B000117,PEANUT BUTTER,FOODON_03306867;FOODON_03310351;NCBITaxon_3818
118,B000118,RICE CEREAL,NCBITaxon_4530;FOODON_03310609
119,B000119,CHOCOLATE,FOODON_03307240
120,B000120,FLAX,NCBITaxon_4006
121,B000121,SEED,PO_0009010
122,B000122,MUSTARD POWDER,FOODON_03306359
123,B000123,CHEESE SPREAD,FOODON_03302019
124,B000124,PULSE,FOODON_00001168
125,B000125,BEER,FOODON_03301619
126,B000126,CHILE,GAZ_00002825
127,B000127,SLICED,FOODON_03430137
128,B000128,FRENCH,ancestro_0363;hancestro_0363
129,B000129,DIAMETER,PATO_0001334
130,B000130,CHILI PEPPER,FOODON_03315873
131,B000131,VEGETABLE SOUP MIX,FOODON_03309460;FOODON_03304911;FOODON_03315571
132,B000132,CHEESE DIP,FOODON_03302985
133,B000133,MAPLE SYRUP,FOODON_03303225;FOODON_03301848
134,B000134,APPLESAUCE,FOODON_03301126
135,B000135,CANOLA OIL,FOODON_03310387;FOODON_03302578
136,B000136,PLASTIC CONTAINER,FOODON_03500036;FOODON_03490172
137,B000137,TOP SHELL,FOODON_03412321
138,B000138,OYSTERS,NCBITaxon_6563
139,B000139,LIQUEUR,FOODON_03301008
140,B000140,WHIPPED TOPPING,FOODON_03302772
141,B000141,TOMATO PASTE,NCBITaxon_4081;FOODON_03301455
142,B000142,CELERY,NCBITaxon_117781
143,B000143,TUNA,FOODON_03411269
144,B000144,CELERY SALT,FOODON_03304738;NCBITaxon_117781;CHEBI_24866
145,B000145,ONION SALT,FOODON_03316347;CHEBI_24866;FOODON_03304740
146,B000146,ITALIAN SAUSAGE,ancestro_0307;FOODON_03317294
147,B000147,BAKING MIX,FOODON_03311630
148,B000148,CHERRY,FOODON_03301240
149,B000149,SEASONINGS,FOODON_03301189
150,B000150,PECAN,FOODON_03304764;NCBITaxon_32201
151,B000151,WHISKEY,FOODON_03302775
152,B000152,WAX,FOODON_03500015
153,B000153,REFRIED BEANS,FOODON_03304010
154,B000154,SEASONING MIX,FOODON_03302060
155,B000155,TOMATO,NCBITaxon_4081
156,B000156,SWISS CHEESE,FOODON_03303659;ancestro_0394
157,B000157,SWISS,hancestro_0394;ancestro_0394
158,B000158,COCKTAIL SAUCE,FOODON_03311146;FOODON_03307333
159,B000159,SWEET POTATO,NCBITaxon_4120;NCBITaxon_4113
160,B000160,TOMATO SAUCE,FOODON_03301217;FOODON_03311146;NCBITaxon_4081
161,B000161,BAGEL,FOODON_03309554
162,B000162,TOAST,FOODON_03306255
163,B000163,ALUMINUM,FOODON_03500042
164,B000164,SEASONING SALT,FOODON_03306222;CHEBI_24866
165,B000165,SALAD,FOODON_03316042
166,B000166,MANGO,NCBITaxon_29780
167,B000167,WINE VINEGAR,FOODON_03301228;FOODON_03301705
168,B000168,WHITE WINE,FOODON_03310273
169,B000169,ICE,ENVO_01001125;FOODON_03301926
170,B000170,MOLASSES,CHEBI_83163
171,B000171,JACK,FOODON_03411044
172,B000172,SAUSAGE MEAT,FOODON_03317646
173,B000173,PASTRY,FOODON_03315272
174,B000174,BRIE CHEESE,FOODON_03303508
175,B000175,OYSTER,FOODON_03411224
176,B000176,CURRY POWDER,FOODON_03306648;FOODON_03301842
177,B000177,PICKLE RELISH,FOODON_03310480;FOODON_03304648
178,B000178,CHILI SAUCE,FOODON_03311146;FOODON_03304583
179,B000179,COTTAGE CHEESE,FOODON_03301605
180,B000180,CURD,FOODON_03420245
181,B000181,FRESH WATER,ENVO_00002006;ENVO_00002011
182,B000182,MONOSODIUM GLUTAMATE,CHEBI_64220
183,B000183,GARLIC IN OIL,FOODON_03310387;NCBITaxon_4682;FOODON_03311708
184,B000184,HALF AND HALF,FOODON_03301794
185,B000185,PEANUT OIL,FOODON_03309857;FOODON_03310387;NCBITaxon_3818
186,B000186,TENDERLOIN,FOODON_03530217
187,B000187,COLBY CHEESE,FOODON_03303856
188,B000188,THICKNESS,PATO_0000915
189,B000189,QUINOA,NCBITaxon_63459
190,B000190,OATS,NCBITaxon_4498;FOODON_03315188
191,B000191,RUSSIAN,ancestro_0386;hancestro_0386
192,B000192,COCONUT MILK,FOODON_03303084;UBERON_0001913
193,B000193,PINEAPPLE,NCBITaxon_4615
194,B000194,SEA,ENVO_00000016
195,B000195,SOUP MIX,FOODON_03315571
196,B000196,HABANERO,NCBITaxon_80379
197,B000197,BUFFALO,FOODON_03411476
198,B000198,VEGETABLE STOCK,FOODON_03315835
199,B000199,RED WINE,FOODON_03310272
200,B000200,BROTH,FOODON_03309462
201,B000201,OREGANO,NCBITaxon_39352
202,B000202,BOUILLON,FOODON_03301468
203,B000203,PANCAKE MIX,FOODON_03315166;FOODON_03315258
204,B000204,ONION SOUP MIX,FOODON_03304821;FOODON_03309457;FOODON_03315571
205,B000205,CHUCK,FOODON_03530021
206,B000206,ONION SOUP,FOODON_03316347;FOODON_03304821
207,B000207,PAPAYA,NCBITaxon_3649
208,B000208,BARBEQUE SAUCE,FOODON_03302062;FOODON_03311146
209,B000209,CURRY PASTE,FOODON_03306648;FOODON_03302920
210,B000210,LEMON,FOODON_03301441
211,B000211,OIL GRILL,FOODON_03310387;FOODON_03315524
212,B000212,TAIL,FOODON_03530155
213,B000213,SPAGHETTI SAUCE,FOODON_03303886;FOODON_03311146
214,B000214,GRAPE JELLY,FOODON_03305954
215,B000215,CORIANDER,FOODON_03310370
216,B000216,PANCAKE,FOODON_03315258
217,B000217,CHICKEN BROTH,FOODON_03303004;FOODON_03411457;FOODON_03309462
218,B000218,MEXICAN,hancestro_0415;ancestro_0415
219,B000219,LEMON PEEL,FOODON_03306143;FOODON_03301441
220,B000220,WHEAT GERM,FOODON_03315184;FOODON_03301595;NCBITaxon_4565
221,B000221,WHEAT,FOODON_03315184;NCBITaxon_4565
222,B000222,FAT OR OIL,FOODON_03310387;FOODON_03420190
223,B000223,QUICHE,FOODON_03307177
224,B000224,FLAVORING EXTRACT,FOODON_03306145
225,B000225,YEAST,FOODON_03315025;FOODON_03411345
226,B000226,ORDER,NCBITaxon_order
227,B000227,FRUIT,PO_0009001
228,B000228,FLEXIBLE,PATO_0001544
229,B000229,APPLE,FOODON_03301710;NCBITaxon_3750
230,B000230,ROOT,FOODON_03420306
231,B000231,HOLLANDAISE SAUCE,FOODON_03301182;FOODON_03311146
232,B000232,ASIAGO CHEESE,FOODON_03301736
233,B000233,CROISSANT,FOODON_03309852
234,B000234,CANADIAN,ancestro_0354;hancestro_0354
235,B000235,PUDDING,FOODON_03301660
236,B000236,AMISH,ancestro_0316;hancestro_0316
237,B000237,WHOLE WHEAT FLOUR,FOODON_03315184;FOODON_03302340;FOODON_03301116;NCBITaxon_4565
238,B000238,WAFFLE,FOODON_03315259
239,B000239,CREAM OF CHICKEN SOUP,FOODON_03306286;FOODON_03305127
240,B000240,CHICKEN SOUP,FOODON_03306286;FOODON_03411457
241,B000241,METAL,FOODON_03500041
242,B000242,GHEE,FOODON_03310185
243,B000243,WHEAT BRAN,FOODON_03315184;NCBITaxon_4565;FOODON_03304608
244,B000244,APPLE PIE,FOODON_03301710;FOODON_00002475
245,B000245,SPICE,FOODON_03303380
246,B000246,BURRITO,FOODON_00002510
247,B000247,EGG YOLK,UBERON_0007378
248,B000248,CHEESE SAUCE,FOODON_03311146;FOODON_03304042
249,B000249,MALT,FOODON_03306040
250,B000250,CHEESE SUBSTITUTE,FOODON_03303869
251,B000251,CONFECTIONER'S SUGAR,FOODON_03304315;FOODON_03420108
252,B000252,FRENCH TOAST,ancestro_0363;FOODON_03302695;FOODON_03306255
253,B000253,RICOTTA CHEESE,FOODON_03302908
254,B000254,SANDWICH,FOODON_03301906
255,B000255,STRAWBERRY,NCBITaxon_3747
256,B000256,SCRAMBLED EGG,FOODON_03304791
257,B000257,SEMOLINA,FOODON_03303411
258,B000258,PORRIDGE,FOODON_03311555
259,B000259,STREAM,ENVO_00000023
260,B000260,ALMOND BUTTER,FOODON_03310875;FOODON_03310351;NCBITaxon_3755
261,B000261,WALNUT,FOODON_03316466
262,B000262,FINISH,ancestro_0321;hancestro_0321
263,B000263,GLUTEN,FOODON_03420177;FOODON_03301888
264,B000264,FROZEN,PATO_0001985
265,B000265,CREAM OF MUSHROOM SOUP,FOODON_00001287;FOODON_03305128
266,B000266,COD,FOODON_03411423
267,B000267,FISH FLAKES,FOODON_03411222;FOODON_03308602
268,B000268,ORANGE PEEL,FOODON_03309832;FOODON_03303116
269,B000269,MILLET,FOODON_03309702
270,B000270,PUDDING MIX,FOODON_03301660;FOODON_03310796
271,B000271,TUBE,FOODON_03490200
272,B000272,SPELT,NCBITaxon_58933
273,B000273,TIN,FOODON_03500043
274,B000274,FINELY GROUND,FOODON_03430106
275,B000275,TAPIOCA FLOUR,FOODON_03310681;FOODON_03307663;FOODON_03301116
276,B000276,ALOE VERA,NCBITaxon_34199;NCBITaxon_25641
277,B000277,PEACH,NCBITaxon_3760;FOODON_03315502;FOODON_03301719
278,B000278,GRAPEFRUIT JUICE,FOODON_03306174;NCBITaxon_37656
279,B000279,GRAPEFRUIT,FOODON_03301702;NCBITaxon_37656
280,B000280,COCOA,FOODON_03301072
281,B000281,STRAW,FOODON_03309894
282,B000282,DUST,ENVO_00002008
283,B000283,WHITE CHOCOLATE,FOODON_03307240;FOODON_03301329
284,B000284,CHOCOLATE SYRUP,FOODON_03301317;FOODON_03307240;FOODON_03303225
285,B000285,COFFEE CREAMER,FOODON_03305264
286,B000286,FLAXSEED MEAL,FOODON_03306424
287,B000287,GLAZE,FOODON_03315146
288,B000288,GOUDA CHEESE,FOODON_03303514
289,B000289,KEFIR,FOODON_03310290
290,B000290,POTATO FLOUR,FOODON_03302378;FOODON_03301116;NCBITaxon_4113
291,B000291,XANTHAN GUM,FOODON_03413321
292,B000292,STARCH,FOODON_03301000
293,B000293,ORANGE JUICE CONCENTRATE,FOODON_03309832;FOODON_03311343
294,B000294,PINEAPPLE JUICE,FOODON_03301276;NCBITaxon_4615;FOODON_00002120
295,B000295,APRICOT,NCBITaxon_36596;FOODON_03301701
296,B000296,BOTTLE,FOODON_03490214
297,B000297,CARAMEL,FOODON_03317034
298,B000298,CIDER,FOODON_00001276
299,B000299,RICE FLOUR,NCBITaxon_4530;FOODON_03307541;FOODON_03301116
300,B000300,CLAM JUICE,FOODON_03307952;FOODON_03411331
301,B000301,VODKA,FOODON_03305518
302,B000302,STALK,PO_0025066
303,B000303,STRAWBERRY JAM,NCBITaxon_3747;FOODON_03301124;FOODON_03309973
304,B000304,WHIPPED CREAM,FOODON_03302897
305,B000305,CHEESECAKE,FOODON_03301729
306,B000306,SAND,ENVO_01000017
307,B000307,ALMOND PASTE,FOODON_03305617;NCBITaxon_3755
308,B000308,FRUIT COCKTAIL,PO_0009001;FOODON_03315597
309,B000309,SWEETENED CONDENSED MILK,FOODON_03304384;UBERON_0001913
310,B000310,HORSE,NCBITaxon_9796;FOODON_03411229
311,B000311,PRUNE JUICE,FOODON_03316905;FOODON_00002177;FOODON_03303632
312,B000312,PRUNE,FOODON_03316905
313,B000313,MARASCHINO CHERRY,FOODON_03301256;FOODON_03301240
314,B000314,JELLY ROLL,FOODON_03305899
315,B000315,CANDY,FOODON_03301051
316,B000316,STEEL,FOODON_03500044
317,B000317,FIGS,NCBITaxon_3493
318,B000318,DECORATING SUGAR,FOODON_03310913;FOODON_03420108
319,B000319,MARSHMALLOW,FOODON_03305639;NCBITaxon_145745
320,B000320,CUPCAKE,FOODON_03306616
321,B000321,CAKE MIX,FOODON_03317068
322,B000322,VANILLA PUDDING MIX,NCBITaxon_51238;FOODON_03310796;FOODON_03307096
323,B000323,EGGNOG,FOODON_03301802
324,B000324,RUM,FOODON_03301614
325,B000325,CHOCOLATE CHIP,FOODON_03307240;FOODON_03304096
326,B000326,CHOCOLATE CAKE MIX,FOODON_03317068;FOODON_03305417;FOODON_03302884
327,B000327,CHOCOLATE CAKE,FOODON_03307240;FOODON_03305417
328,B000328,SUGAR TOPPING,FOODON_03316039;FOODON_03420108
329,B000329,CUSTARD,FOODON_03302946
330,B000330,APPLE PIE FILLING,FOODON_03306766;FOODON_03305680;FOODON_00002475
331,B000331,MANDARIN ORANGE,NCBITaxon_85571;FOODON_03309832
332,B000332,HEAVY CREAM,FOODON_03420161;FOODON_03310795
333,B000333,COOKIE DOUGH,FOODON_03310689;FOODON_03301585
334,B000334,DARK CHOCOLATE,FOODON_03307240;FOODON_03303588
335,B000335,CERAMIC,FOODON_03500038
336,B000336,EYE,UBERON_0000970
337,B000337,PIE FILLING,FOODON_03306766
338,B000338,PEAR,FOODON_03301724;NCBITaxon_23211
339,B000339,CHOCOLATE PUDDING MIX,FOODON_03307240;FOODON_03310796;FOODON_03307098
340,B000340,JAM,FOODON_03309973
341,B000341,TAPIOCA,FOODON_03307663
342,B000342,CHERRY PIE,FOODON_00001720;FOODON_03306764;FOODON_03301240
343,B000343,PRETZEL,FOODON_03303929
344,B000344,RASPBERRY PRESERVES,FOODON_03311373
345,B000345,CHINESE,hancestro_0021;ancestro_0021
346,B000346,BUTTER SAUCE,FOODON_03310351;FOODON_03302627;FOODON_03311146
347,B000347,DRY MIX,FOODON_03530090
348,B000348,YELLOW CAKE MIX,FOODON_03302835;FOODON_03317068
349,B000349,CARROT,NCBITaxon_4039
350,B000350,LENGTH,PATO_0000122
351,B000351,TOFFEE,FOODON_03303765
352,B000352,PEPPERMINT,FOODON_03303920;NCBITaxon_34256
353,B000353,HAZELNUTS,NCBITaxon_13450
354,B000354,MACADAMIA,NCBITaxon_4329
355,B000355,CORN FLAKES,NCBITaxon_381124;FOODON_03302904
356,B000356,INFANT CEREAL,FOODON_03301336
357,B000357,PALMS,NCBITaxon_4710
358,B000358,GINGERBREAD,FOODON_03301912
359,B000359,CITRUS,NCBITaxon_2706
360,B000360,CUSTARD POWDER,FOODON_03302923;FOODON_03302946
361,B000361,LARD,FOODON_03302051
362,B000362,SWEET CHOCOLATE,FOODON_03307240;FOODON_03310448
363,B000363,TEQUILA,FOODON_03304704
364,B000364,IRISH,ancestro_0383;hancestro_0383
365,B000365,GIN,FOODON_03309491
366,B000366,BURGUNDY WINE,FOODON_03304564
367,B000367,LEMONADE,FOODON_03301630
368,B000368,LIMEADE,FOODON_03307062
369,B000369,COFFEE MIXTURE,CHEBI_60004;FOODON_03317674
370,B000370,CHAMPAGNE,FOODON_03301564
371,B000371,TONIC WATER,FOODON_03307660;ENVO_00002006
372,B000372,BEVERAGE,FOODON_03301977
373,B000373,CRANBERRY JUICE,FOODON_03301671
374,B000374,PUERTO RICAN,hancestro_0421;ancestro_0421
375,B000375,BITTERS,FOODON_03302713
376,B000376,RYE,NCBITaxon_4550
377,B000377,SELTZER WATER,ENVO_00002006;FOODON_03309897
378,B000378,CRANBERRY SAUCE,FOODON_03301244;FOODON_03311146
379,B000379,GINGER ALE,NCBITaxon_94328;FOODON_03302111;FOODON_03307130
380,B000380,SNAKES,NCBITaxon_8570
381,B000381,GUMMY,FOODON_03430176
382,B000382,TOMATO JUICE,NCBITaxon_4081;FOODON_03301454
383,B000383,PASSION FRUIT JUICE,FOODON_00002087;FOODON_03411634
384,B000384,PASSION FRUIT,NCBITaxon_78168;PO_0009001;FOODON_03411634
385,B000385,CREAM LIQUEUR,FOODON_03301638;FOODON_03301008
386,B000386,SPIRULINA,FOODON_03412039
387,B000387,PINEAPPLE AND ORANGE JUICE,FOODON_03304098;FOODON_03309832;NCBITaxon_4615
388,B000388,ORANGE JUICE BLEND,FOODON_03306030;FOODON_03309832
389,B000389,FROZEN YOGURT,PATO_0001985;FOODON_03307445
390,B000390,BRANDY,FOODON_03301632
391,B000391,GRAPE JUICE,FOODON_00001926;FOODON_03301127
392,B000392,HONEY SYRUP,FOODON_03303225;UBERON_0036016;FOODON_03305528
393,B000393,TEA BAG,FOODON_03310489
394,B000394,SODA WATER,FOODON_03302269;ENVO_00002006
395,B000395,MONKEY,FOODON_03412439;NCBITaxon_9527;NCBITaxon_9479
396,B000396,POMEGRANATE,NCBITaxon_22663
397,B000397,CASHEW BUTTER,FOODON_03310351;NCBITaxon_171929;FOODON_03303382
398,B000398,HEMP,NCBITaxon_3483
399,B000399,ROOT BEER,FOODON_03301047;FOODON_03420306;FOODON_03301619
400,B000400,SANGRIA,FOODON_03317455
401,B000401,GLASS CONTAINER,FOODON_03490130;FOODON_03500040
402,B000402,NUT MILK,UBERON_0001913;FOODON_03420214
403,B000403,FLAXSEED OIL,FOODON_03310387;FOODON_03460852
404,B000404,CLASS,NCBITaxon_class
405,B000405,MARGARITA MIX,FOODON_03305159
406,B000406,MANGOSTEEN,NCBITaxon_58228
407,B000407,CHOCOLATE DRINK,FOODON_03307240;FOODON_03306569
408,B000408,SHERBET,FOODON_03302854
409,B000409,PORT WINE,FOODON_03311271
410,B000410,SWEDISH,ancestro_0393;hancestro_0393
411,B000411,VANILLA POWDER,FOODON_03316761;NCBITaxon_51238
412,B000412,MACE,NCBITaxon_51089
413,B000413,CHERRY JUICE,FOODON_00001718;FOODON_03301144;FOODON_03301240
414,B000414,CHICKPEA,NCBITaxon_3827
415,B000415,SQUASH,FOODON_03301577
416,B000416,LEG,UBERON_0000978
417,B000417,CIDER VINEGAR,FOODON_03301705;FOODON_00001276;FOODON_03307916
418,B000418,SPICE MIXTURE,FOODON_03303380;FOODON_03304292;CHEBI_60004
419,B000419,TANDOORI,FOODON_03317543
420,B000420,MEAT SAUCE,FOODON_03311146;FOODON_03304132
421,B000421,CELERY SEED,FOODON_03301862;NCBITaxon_117781;PO_0009010
422,B000422,MEATLOAF,FOODON_03315662
423,B000423,BOUILLON CUBE,FOODON_03301469;FOODON_03301468
424,B000424,LAMB,FOODON_03411669
425,B000425,SCALLOPS,NCBITaxon_6566
426,B000426,SPICE RUB,FOODON_03303380;FOODON_00002500
427,B000427,BROWN GRAVY MIX,FOODON_03305313;FOODON_03305336
428,B000428,ENCHILADA SAUCE,FOODON_03304007;FOODON_03311146
429,B000429,BUTTER WITH GARLIC,FOODON_03310351;FOODON_03302520;NCBITaxon_4682
430,B000430,RICE WINE,NCBITaxon_4530;FOODON_03307312
431,B000431,BROWN GRAVY,FOODON_03305313
432,B000432,BEEF BROTH,FOODON_03309462;FOODON_03302091
433,B000433,FAMILY,NCBITaxon_family
434,B000434,LIVER,UBERON_0002107
435,B000435,OYSTER SAUCE,FOODON_03411224;FOODON_03317654;FOODON_03311146
436,B000436,MEAT TENDERIZER,FOODON_03301313
437,B000437,PEANUT SAUCE,FOODON_03311869;NCBITaxon_3818;FOODON_03311146
438,B000438,HALIBUT,FOODON_03411532
439,B000439,HOISIN SAUCE,FOODON_00002526;FOODON_03311146
440,B000440,DUTCH,hancestro_0320;ancestro_0320
441,B000441,WILD RICE,NCBITaxon_4530;NCBITaxon_15949
442,B000442,GARLIC OIL,FOODON_03310387;FOODON_03309417;NCBITaxon_4682
443,B000443,PEA,NCBITaxon_3888
444,B000444,FISH SKIN,FOODON_03308045;FOODON_03411222
445,B000445,BAKED BEANS,FOODON_03301946
446,B000446,KIDNEY,UBERON_0002113
447,B000447,APRICOT PRESERVES,FOODON_03301701;FOODON_03306398
448,B000448,APPLE JELLY,FOODON_03305889;FOODON_03301710
449,B000449,LOIN,FOODON_03530031
450,B000450,APRICOT JAM,FOODON_03305781;FOODON_03301701;FOODON_03309973
451,B000451,TILAPIA,NCBITaxon_8126;FOODON_03412434
452,B000452,BRISKET,FOODON_03530020
453,B000453,CHILI PASTE,FOODON_03315435
454,B000454,TACO SHELL,FOODON_03310227
455,B000455,YELLOW MUSTARD,NCBITaxon_3728
456,B000456,GORGONZOLA CHEESE,FOODON_03303502
457,B000457,COUSCOUS,FOODON_03303207
458,B000458,MAHI MAHI,FOODON_03411917
459,B000459,AMERICAN,hancestro_0463;ancestro_0463
460,B000460,GARLIC IN BUTTER,FOODON_03310351;NCBITaxon_4682;FOODON_03311709
461,B000461,INCH,UO_0010011
462,B000462,HOUR,UO_0000032
463,B000463,NORI,FOODON_03315448
464,B000464,HOT DOG,NCBITaxon_9615;FOODON_00001009
465,B000465,DOG,NCBITaxon_9615;FOODON_03414847
466,B000466,DOGS,NCBITaxon_9615
467,B000467,LOBSTER,FOODON_03411505
468,B000468,SECOND,UO_0000010
469,B000469,MINUTE,UO_0000031
470,B000470,POUND,UO_0010034
471,B000471,QUART,UO_0010029
472,B000472,WEEK,UO_0000034
473,B000473,MASA,FOODON_00002529
474,B000474,GRUYERE CHEESE,FOODON_03303686
475,B000475,CLAM,FOODON_03411331
476,B000476,WATER CHESTNUT,NCBITaxon_22666;ENVO_00002006
477,B000477,GALLON,UO_0010030
478,B000478,DILL PICKLE,FOODON_03306757
479,B000479,PATE,FOODON_03315925
480,B000480,BREAD STUFFING MIX,FOODON_03310702
481,B000481,DAB,NCBITaxon_27771
482,B000482,PEARS,NCBITaxon_3766
483,B000483,EGG ROLL,FOODON_03303375
484,B000484,ENGLISH MUFFIN,FOODON_03305833
485,B000485,TOMATO SOUP,FOODON_03304909;NCBITaxon_4081
486,B000486,PLAIN,ENVO_00000086
487,B000487,RELISH,FOODON_03304648
488,B000488,THOUSAND ISLAND DRESSING,FOODON_03304032;FOODON_03315498
489,B000489,WHEAT CEREAL,FOODON_03312031;NCBITaxon_4565
490,B000490,ITALIAN BREAD,ancestro_0307;FOODON_03302692
491,B000491,NACHOS,FOODON_00002533
492,B000492,SNAKE,FOODON_03411295
493,B000493,SWEET PICKLE,FOODON_03306940
494,B000494,PUMPERNICKEL BREAD,FOODON_03302357
495,B000495,CONCH,FOODON_03411259
496,B000496,JICAMA,NCBITaxon_205481;NCBITaxon_109171
497,B000497,CHEESE FILLING,FOODON_03309371
498,B000498,PINT,UO_0010028
499,B000499,SOURDOUGH BREAD,FOODON_03302481
500,B000500,LEMONADE MIX,FOODON_03301630;FOODON_03305777
501,B000501,DAY,UO_0000033
502,B000502,PHEASANT,FOODON_03411460
503,B000503,DEPRESSION,ENVO_00000309
504,B000504,SEALS,NCBITaxon_9709
505,B000505,BEEF BACON,FOODON_03316638
506,B000506,FRUIT PRESERVES,PO_0009001;FOODON_03305304
507,B000507,LEMON JUICE CONCENTRATE,FOODON_03305428;FOODON_03302712
508,B000508,DEPTH,PATO_0001595
509,B000509,CREAM OF CELERY SOUP,NCBITaxon_117781;FOODON_03310560
510,B000510,SCALLOP,FOODON_03411489
511,B000511,COLESLAW DRESSING,FOODON_03307700;FOODON_03315498
512,B000512,CHEESE STICK,FOODON_03302014
513,B000513,GILL,UO_0010027
514,B000514,GNOCCHI,FOODON_03317446
515,B000515,RUSSIAN DRESSING,FOODON_03306669;hancestro_0386;FOODON_03315498
516,B000516,POTATO SALAD,FOODON_03304708;FOODON_03316042;NCBITaxon_4113
517,B000517,ESCARGOT,FOODON_03413663
518,B000518,PISTACHIO,NCBITaxon_55513
519,B000519,BLUEBERRY PIE FILLING,FOODON_03306672;FOODON_03306766
520,B000520,DUCK,FOODON_03411316;NCBITaxon_8839
521,B000521,ANCHOVIES,NCBITaxon_43062
522,B000522,OUNCE,UO_0010033
523,B000523,ITALIAN CHEESE,ancestro_0307;FOODON_03310353
524,B000524,WHITE BREAD,FOODON_03301055
525,B000525,WOOD,FOODON_03500035;FOODON_03420309
526,B000526,TANGERINE,NCBITaxon_85571;FOODON_03315108
527,B000527,ARTICHOKE HEART,NCBITaxon_59895;UBERON_0000948;FOODON_03301188
528,B000528,HUSH PUPPY,FOODON_03305512
529,B000529,PEANUT,NCBITaxon_3818
530,B000530,SEA SCALLOP,ENVO_00000016;FOODON_03411050;FOODON_03411489;NCBITaxon_6577
531,B000531,TATER TOT,FOODON_03311863
532,B000532,PLUM,NCBITaxon_3758
533,B000533,PEPPER JELLY,FOODON_03306074
534,B000534,OAT FLOUR,FOODON_03301312;FOODON_03301116
535,B000535,MANGO CHUTNEY,NCBITaxon_29780;FOODON_03317544;FOODON_03302725
536,B000536,CHUTNEY,FOODON_03317544
537,B000537,MILK CHOCOLATE,FOODON_03307240;FOODON_03302806;UBERON_0001913
538,B000538,CHICKENS,NCBITaxon_9031
539,B000539,ORANGE MARMALADE,FOODON_03306377;FOODON_03309832;FOODON_03302512
540,B000540,HOMINY,FOODON_03310226
541,B000541,CANDY CORN,FOODON_03301051;FOODON_03302541;NCBITaxon_381124
542,B000542,COOKING SHERRY,FOODON_03310760;FOODON_03307295
543,B000543,BUTTERMILK BISCUIT,FOODON_03302614
544,B000544,BOURBON WHISKEY,FOODON_03309410;FOODON_03302775
545,B000545,JERUSALEM ARTICHOKE,NCBITaxon_59895;NCBITaxon_4233
546,B000546,RYE FLOUR,NCBITaxon_4550;FOODON_03301116;FOODON_03302492
547,B000547,TRUFFLE,FOODON_03411387
548,B000548,HERB MIXTURE,FOODON_03305543;CHEBI_60004
549,B000549,GOLDFISH,FOODON_03414858;NCBITaxon_7957
550,B000550,DUMPLING,FOODON_03306619
551,B000551,REMOULADE,FOODON_03310485
552,B000552,FRYING OIL,FOODON_03316044;FOODON_03310387
553,B000553,JALAPENO JELLY,FOODON_03306075
554,B000554,CRAB SPREAD,FOODON_03308595;FOODON_03411335
555,B000555,TORTILLA CHIP,FOODON_03307668;FOODON_03310710
556,B000556,WIDTH,PATO_0000921
557,B000557,BREWER'S YEAST,FOODON_03315025;NCBITaxon_4932
558,B000558,TEMPEH,FOODON_03304999
559,B000559,CORN MUFFIN MIX,FOODON_03305164;NCBITaxon_381124
560,B000560,FONTINA CHEESE,FOODON_03310415
561,B000561,ARUGULA,NCBITaxon_29727
562,B000562,SESAME SEED,FOODON_03310306;PO_0009010
563,B000563,SEED OIL,FOODON_03310387;PO_0009010;FOODON_03420307
564,B000564,COOKING OIL,FOODON_03310387;FOODON_03302653
565,B000565,PIE CRUST DOUGH,FOODON_03307629
566,B000566,ASAFOETIDA,NCBITaxon_52471
567,B000567,BISON,FOODON_03412098;NCBITaxon_9900;NCBITaxon_9901;NCBITaxon_9902
568,B000568,MACKEREL,FOODON_03411043
569,B000569,SWORDFISH,FOODON_03411427;NCBITaxon_8245
570,B000570,GREEK,ancestro_0366;hancestro_0366
571,B000571,SLOPE,ENVO_00002000
572,B000572,CONDIMENT,FOODON_03315708
573,B000573,CURRY,FOODON_03306648
574,B000574,BEET,NCBITaxon_161934
575,B000575,PEPPERCORN,FOODON_03310070
576,B000576,COCONUT CREAM,FOODON_03303088
577,B000577,CORN PUFF,FOODON_03311180;NCBITaxon_381124
578,B000578,RAZOR CLAMS,NCBITaxon_6585
579,B000579,SPROUT,FOODON_03420183
580,B000580,CATFISH,FOODON_03412620
581,B000581,SPANISH,ancestro_0392;hancestro_0392
582,B000582,FENNEL,NCBITaxon_48038
583,B000583,PILAF,FOODON_03307010
584,B000584,POTATO PATTY,FOODON_03311416;NCBITaxon_4113
585,B000585,BROWN MUSTARD,NCBITaxon_3707
586,B000586,ALLIGATOR,NCBITaxon_8495;FOODON_03412440
587,B000587,FRENCH DRESSING,ancestro_0363;FOODON_03301903;FOODON_03315498
588,B000588,ROQUEFORT CHEESE,FOODON_00002424
589,B000589,BREAD FLOUR,FOODON_03301116;FOODON_03304043
590,B000590,CORN OIL,FOODON_03310387;NCBITaxon_381124;FOODON_03301474
591,B000591,PRALINE,FOODON_03301758
592,B000592,SHRIMP COCKTAIL,FOODON_03308565;FOODON_03411237
593,B000593,WHITE SAUCE,FOODON_03307686;FOODON_03311146
594,B000594,SHRIMP PASTE,FOODON_03309823;FOODON_03411237
595,B000595,FILET,FOODON_03530144
596,B000596,BOLOGNA,FOODON_03306503
597,B000597,CREAM CHEESE SPREAD,FOODON_03302019;FOODON_03315638;FOODON_03301889
598,B000598,VEGETABLE JUICE COCKTAIL,FOODON_03303630
599,B000599,CHEESE SALAD DRESSING,FOODON_03303223;FOODON_03304717
600,B000600,BRAUNSCHWEIGER,FOODON_03317299
601,B000601,KIWI,FOODON_03414363
602,B000602,CHIPPED BEEF,FOODON_03303097
603,B000603,PIG,NCBITaxon_9823
604,B000604,FRUIT MIX,PO_0009001;FOODON_03305222
605,B000605,GREEN OLIVE,FOODON_03301269
606,B000606,ASIAN,ancestro_0008;hancestro_0008
607,B000607,BARBEQUE SEASONING,FOODON_03304158
608,B000608,MOOSE,FOODON_03411257
609,B000609,LEEK,NCBITaxon_4681
610,B000610,CHICKEN ROLL,FOODON_03411457;FOODON_03310589
611,B000611,BULB,FOODON_03420290
612,B000612,TURBINADO SUGAR,FOODON_03304305;FOODON_03420108
613,B000613,WHOLE WHEAT BREAD,FOODON_03301119;FOODON_03302200
614,B000614,WHEAT BREAD,FOODON_03302200;NCBITaxon_4565
615,B000615,CHILI SEASONING,FOODON_03303355
616,B000616,OBJECT,BFO_0000030
617,B000617,PAPER WRAPPER,FOODON_03490173
618,B000618,FUNGUS,FOODON_03411261
619,B000619,NOODLE,FOODON_03306944
620,B000620,SOYBEANS,NCBITaxon_3847
621,B000621,SHISO,FOODON_03306141
622,B000622,BARK,FOODON_03420264
623,B000623,MUENSTER CHEESE,FOODON_03303682
624,B000624,CAVIAR,FOODON_03301080
625,B000625,BUILDING,ENVO_00000073
626,B000626,EGG SALAD,FOODON_03304628;FOODON_03316042
627,B000627,SPICE MIX,FOODON_03303380;FOODON_03304292
628,B000628,TROUT,FOODON_03411258
629,B000629,POTATO CHIP,NCBITaxon_4113;FOODON_03301833
630,B000630,CHICKEN SPREAD,FOODON_03303021;FOODON_03411457
631,B000631,SAFFLOWER,NCBITaxon_4222
632,B000632,CENTIMETER,UO_0000015
633,B000633,INSECT,FOODON_03411220
634,B000634,PEA FLOUR,FOODON_03306693;FOODON_03301116;NCBITaxon_3888
635,B000635,HEART,UBERON_0000948
636,B000636,FRUIT PULP,PO_0009001;FOODON_03301109
637,B000637,PECTIN,CHEBI_17309
638,B000638,QUINCE,NCBITaxon_36610
639,B000639,EUROPE,GAZ_00000464
640,B000640,SHIITAKE MUSHROOM,FOODON_00001287;FOODON_03411635
641,B000641,SIRLOIN,FOODON_03530027
642,B000642,COTIJA CHEESE,FOODON_00002542
643,B000643,CRAB CAKE,FOODON_03305365;FOODON_03411335
644,B000644,LIGHT CREAM,FOODON_03420160
645,B000645,CORNBREAD,FOODON_03302343
646,B000646,LUNCHEON MEAT,FOODON_03310675
647,B000647,DEER,NCBITaxon_9850;FOODON_03411583
648,B000648,ONION RING,FOODON_03316347;FOODON_03306684
649,B000649,CHICKPEA FLOUR,NCBITaxon_3827;FOODON_03301116;FOODON_03304537
650,B000650,CORN MEAL,FOODON_03310257;NCBITaxon_381124
651,B000651,SNOW CRAB,NCBITaxon_41210;FOODON_03411335;FOODON_03411497
652,B000652,GARLIC PASTE,FOODON_03305217;NCBITaxon_4682
653,B000653,CURRANT JELLY,FOODON_03305958
654,B000654,RED CURRANT,NCBITaxon_175228
655,B000655,MARMALADE,FOODON_03306377
656,B000656,GARLIC BREAD,FOODON_03302379;NCBITaxon_4682
657,B000657,SQUID,FOODON_03411205
658,B000658,BEAR,FOODON_03412406
659,B000659,WHITEFISH,FOODON_03312064
660,B000660,SUGAR COATING,FOODON_03420108;FOODON_03316296
661,B000661,SHOYU SAUCE,FOODON_03311146;FOODON_03304988
662,B000662,SERRANO HAM,FOODON_00002545
663,B000663,OKRA,NCBITaxon_455045
664,B000664,FINES,FOODON_00000073
665,B000665,MUSCOVADO,FOODON_00002539
666,B000666,TAMARIND,NCBITaxon_58860
667,B000667,PERCENT,UO_0000187
668,B000668,HAVARTI CHEESE,FOODON_03303534
669,B000669,SUGAR SUBSTITUTE,FOODON_03315170;FOODON_03420108
670,B000670,RAISIN BREAD,FOODON_03301944
671,B000671,BEEF CONSOMME,FOODON_03304190;FOODON_03305332
672,B000672,BACON SIDE,FOODON_03315865
673,B000673,FARINA,FOODON_03302621
674,B000674,TURKEY HAM,FOODON_03310971;NCBITaxon_9103
675,B000675,SWISS CHARD,NCBITaxon_3555;ancestro_0394
676,B000676,CINNAMON ROLL,FOODON_03302318;NCBITaxon_128608
677,B000677,FRUIT BREAD,PO_0009001;FOODON_03302334
678,B000678,COGNAC,FOODON_03305330
679,B000679,SWIFT,FOODON_03414523
680,B000680,CHICKEN SOUP BASE,FOODON_03306286;FOODON_03305061;FOODON_03304200
681,B000681,HONEY AND MAPLE SYRUP,UBERON_0036016;FOODON_03301848;FOODON_03307181
682,B000682,FRUIT SAUCE,PO_0009001;FOODON_03311146;FOODON_03304038
683,B000683,YEAR,UO_0000036
684,B000684,SURIMI,FOODON_03308642
685,B000685,BARLEY FLOUR,NCBITaxon_4513;FOODON_03309657;FOODON_03301116
686,B000686,WHEAT GLUTEN,NCBITaxon_4565;FOODON_03301888;FOODON_03310809
687,B000687,HADDOCK,NCBITaxon_8056;FOODON_03411441
688,B000688,SOURDOUGH STARTER,FOODON_03304099
689,B000689,GRAPEFRUIT SODA,FOODON_03302160;NCBITaxon_37656
690,B000690,BELGIAN WAFFLE,FOODON_03315259;FOODON_03307233;ancestro_0349
691,B000691,BELGIAN,hancestro_0349;ancestro_0349
692,B000692,SORGHUM,NCBITaxon_4558;NCBITaxon_4557;FOODON_03309978
693,B000693,AMARANTH,NCBITaxon_3567;CHEBI_34533
694,B000694,CORNBREAD MIX,FOODON_03303198;FOODON_03302343
695,B000695,SPOT,NCBITaxon_59837;FOODON_03413905
696,B000696,CHICKEN GRAVY,FOODON_03411457;FOODON_03303038
697,B000697,MONTH,UO_0000035
698,B000698,VANILLA ICE CREAM,FOODON_03305800;NCBITaxon_51238;FOODON_03301926
699,B000699,APRICOT PUREE,FOODON_03301290;FOODON_03301701
700,B000700,NONDAIRY CREAMER,FOODON_03303905
701,B000701,UNIT,UO_0000000
702,B000702,PEACH PUREE,FOODON_03301291;NCBITaxon_3760
703,B000703,SUCRALOSE,CHEBI_32159
704,B000704,BARLEY,NCBITaxon_4513
705,B000705,FRANKFURTER,FOODON_03302012
706,B000706,DAIRY,ENVO_00003862
707,B000707,GARBANZO BEAN FLOUR,NCBITaxon_3827;FOODON_03310392;FOODON_00002413
708,B000708,BEAN FLOUR,FOODON_00002413;FOODON_03301116
709,B000709,HYDRATE,CHEBI_35505
710,B000710,MALTED MILK,UBERON_0001913;FOODON_03301818
711,B000711,MUSHROOM SAUCE,FOODON_03311146;FOODON_03302590;FOODON_00001287
712,B000712,CORNED BEEF HASH,FOODON_03311317;FOODON_03302098
713,B000713,MILLET FLOUR,FOODON_03310137;FOODON_03309702;FOODON_03301116
714,B000714,COUNTRY,ancestro_0003;hancestro_0003
715,B000715,STILTON CHEESE,FOODON_03303870
716,B000716,NONFAT DRY MILK,UBERON_0001913;FOODON_03301657
717,B000717,MOREL,FOODON_03412032
718,B000718,TOMATO CHUTNEY,FOODON_03302724;FOODON_03317544;NCBITaxon_4081
719,B000719,ERYTHRITOL,CHEBI_17113
720,B000720,RAMEN NOODLE,FOODON_03306959;FOODON_03306944
721,B000721,KIWIFRUIT,FOODON_03303398
722,B000722,HOLLANDAISE SAUCE MIX,FOODON_03301182;FOODON_03304115
723,B000723,HONEY BUTTER,UBERON_0036016;FOODON_03310351;FOODON_03301010
724,B000724,DRINK POWDER,FOODON_03315916
725,B000725,CITRON,NCBITaxon_171251
726,B000726,KING CRAB,FOODON_03411335;FOODON_03411498
727,B000727,PANETTONE,FOODON_03302466
728,B000728,CREAM OF POTATO SOUP,FOODON_03305133;NCBITaxon_4113
729,B000729,FUDGE,FOODON_03301728
730,B000730,ALE,FOODON_03302111
731,B000731,MINERAL WATER,FOODON_03301328;CHEBI_46662;ENVO_00002006
732,B000732,SCOTCH BONNET,FOODON_03414944;NCBITaxon_80379
733,B000733,SOYBEAN OIL,FOODON_03302776;FOODON_03310387;NCBITaxon_3847
734,B000734,SARDINE,FOODON_03411558;NCBITaxon_27697
735,B000735,BOX,FOODON_03490213
736,B000736,CANE SUGAR,FOODON_03301348;FOODON_03420108
737,B000737,BLUEBERRY PRESERVES,FOODON_03310389
738,B000738,CHAYOTE,NCBITaxon_184140
739,B000739,DRAGON FRUIT,PO_0009001;NCBITaxon_176265
740,B000740,SCONE,FOODON_00002465
741,B000741,COTTON,NCBITaxon_3635
742,B000742,NORMAL SIZE,PATO_0000117;PATO_0045050
743,B000743,ROOIBOS,NCBITaxon_155124
744,B000744,ENVELOPE,FOODON_03490199
745,B000745,MANCHEGO CHEESE,FOODON_03310850
746,B000746,CARROT CAKE,NCBITaxon_4039;FOODON_00002515
747,B000747,SAPODILLA,NCBITaxon_3741
748,B000748,WHEAT BREAD CRUMBS,FOODON_03301907
749,B000749,TAMARI SAUCE,FOODON_03309556;FOODON_03311146
750,B000750,CURRY SAUCE,FOODON_03306648;FOODON_03304046;FOODON_03311146
751,B000751,WHEY,FOODON_03420244
752,B000752,BRAN CEREAL,FOODON_03302906
753,B000753,BEE POLLEN,FOODON_03420279;FOODON_03301424
754,B000754,CHANTERELLE,FOODON_03411569
755,B000755,PERIMETER,PATO_0001711
756,B000756,CARROT JUICE,FOODON_03302213;NCBITaxon_4039
757,B000757,CEYLON CINNAMON,NCBITaxon_128608
758,B000758,BANANA PUREE,FOODON_03306999;NCBITaxon_89151
759,B000759,JACKFRUIT,NCBITaxon_3489
760,B000760,TOMATO PUREE,FOODON_03301457;NCBITaxon_4081
761,B000761,BREAKFAST SAUSAGE,FOODON_03317292
762,B000762,RASPBERRY JAM,FOODON_03305865;FOODON_03309973
763,B000763,BUTTER BREAD,FOODON_03302332;FOODON_03310351
764,B000764,STRAWBERRY YOGURT,NCBITaxon_3747;FOODON_03307441
765,B000765,SARAN,FOODON_03500025
766,B000766,PETAL,FOODON_03420303
767,B000767,DOUGHNUT,FOODON_03301938
768,B000768,CITRIC ACID,CHEBI_30769
769,B000769,VEGETABLE SHORTENING,FOODON_03302604
770,B000770,CHALLAH,FOODON_03302198
771,B000771,MINCEMEAT,FOODON_03305810
772,B000772,POUND CAKE,FOODON_03302767;UO_0010034
773,B000773,LOLLIPOP,FOODON_03303639
774,B000774,PEANUT BUTTER CUP,FOODON_03307672;FOODON_03306867
775,B000775,BITTER CHOCOLATE,FOODON_03307240;FOODON_03303610
776,B000776,ANGEL FOOD CAKE,CHEBI_33290;FOODON_03307734
777,B000777,RATIO,UO_0000190
778,B000778,RICE KRISPIES CEREAL,NCBITaxon_4530;FOODON_03309403
779,B000779,LAYER CAKE,FOODON_03301527;ENVO_01000281
780,B000780,CHOCOLATE CANDY,FOODON_03400288;FOODON_03307240;FOODON_03301007;FOODON_03301051
781,B000781,CANDY BAR,FOODON_03301051;FOODON_03306423
782,B000782,CHESTNUT PUREE,FOODON_03302968
783,B000783,LEMON JELLY,FOODON_03301441;FOODON_03305882
784,B000784,MACAROON,FOODON_03305977
785,B000785,SHARK,FOODON_03411342
786,B000786,STRAWBERRY ICE CREAM,FOODON_03301926;NCBITaxon_3747;FOODON_03305854
787,B000787,STRAWBERRY PRESERVES,FOODON_03305202;NCBITaxon_3747
788,B000788,CANDIED CHERRY,FOODON_03302957;FOODON_03301240
789,B000789,FIN,UBERON_0008897
790,B000790,NOUGAT,FOODON_03316438
791,B000791,FLUID OUNCE,UO_0010026;UO_0010033
792,B000792,LEMON CAKE,FOODON_03311590;FOODON_03301441
793,B000793,CORN FLOUR,FOODON_03301116;NCBITaxon_381124;FOODON_03302500
794,B000794,TURKISH,hancestro_0451;ancestro_0451
795,B000795,BEAN PASTE,FOODON_03315362
796,B000796,VANILLA WAFER,NCBITaxon_51238;FOODON_03307348;FOODON_03316443
797,B000797,TAP WATER,ENVO_00003096;FOODON_03307286;ENVO_00002006
798,B000798,CASSAVA FLOUR,FOODON_03310125;FOODON_03301116
799,B000799,ALCOHOL,CHEBI_30879
800,B000800,TOASTER PASTRY,FOODON_03307479;FOODON_03315272
801,B000801,CANDY CANE,FOODON_03301051;FOODON_03303749
802,B000802,MINTS,NCBITaxon_21819
803,B000803,RICE PUDDING,FOODON_03305135;NCBITaxon_4530;FOODON_03301660
804,B000804,BLOOD,FOODON_03317130;UBERON_0000178
805,B000805,CHOCOLATE ICE CREAM,FOODON_03307240;FOODON_03305848;FOODON_03301926
806,B000806,BUDDHA'S HAND,NCBITaxon_171251
807,B000807,BLACK TEA,NCBITaxon_4442
808,B000808,SOUR CREAM TOPPING,FOODON_03307882;FOODON_03302515
809,B000809,FRUIT SPREAD,PO_0009001;FOODON_03302441
810,B000810,TEMPURA BATTER,FOODON_03304344;FOODON_03301304
811,B000811,FRUCTOSE,CHEBI_28757;FOODON_03316754
812,B000812,CRYSTAL,FOODON_03430143
813,B000813,CANE SYRUP,FOODON_03303225;FOODON_03301847
814,B000814,DURIAN,NCBITaxon_66656
815,B000815,HUSK,FOODON_03420181
816,B000816,CHOCOLATE ICING,FOODON_03307240;FOODON_03302823
817,B000817,HOUSE,ENVO_01000417
818,B000818,CITRUS JUICE,FOODON_03305742;NCBITaxon_2706
819,B000819,CELLOPHANE,FOODON_03500031
820,B000820,GUAVA,NCBITaxon_120290
821,B000821,WAFER,FOODON_03316443
822,B000822,ZWIEBACK,FOODON_03302549
823,B000823,BANANA CREAM PIE,FOODON_03307352;NCBITaxon_89151;FOODON_03306778
824,B000824,PIE CRUST MIX,FOODON_03310705
825,B000825,CHOCOLATE FILLING,FOODON_03307240;FOODON_03306719
826,B000826,FRUITCAKE,FOODON_03301635
827,B000827,CHEESECAKE BATTER,FOODON_03301304;FOODON_03301729;FOODON_03311873
828,B000828,FRUIT FILLING,PO_0009001;FOODON_03301540
829,B000829,GRAPE JAM,FOODON_03302176;FOODON_03309973
830,B000830,FROGS,NCBITaxon_8342
831,B000831,BRAZIL,GAZ_00002828
832,B000832,RED GRAPEFRUIT,FOODON_03305561;NCBITaxon_37656
833,B000833,GELATIN SALAD,FOODON_03307885;FOODON_03316042;CHEBI_5291
834,B000834,CEREAL FLAKES,FOODON_03315540
835,B000835,HEIGHT,PATO_0000119
836,B000836,FLAN,FOODON_03307178
837,B000837,CASHEW,NCBITaxon_171929
838,B000838,CONSTRUCTION,ENVO_00000070
839,B000839,EAR,UBERON_0001690
840,B000840,LICORICE CANDY,FOODON_03301663;FOODON_03301051
841,B000841,ICE-CREAM,FOODON_00001045;FOODON_03301926
842,B000842,CORN SNACK,FOODON_00001764;NCBITaxon_381124
843,B000843,MARZIPAN,FOODON_03315555
844,B000844,LITER,UO_0000099
845,B000845,ICE CREAM SANDWICH,FOODON_03305472;FOODON_03301906;FOODON_03301926
846,B000846,FROZEN DESSERT,FOODON_03302800;PATO_0001985
847,B000847,SOFT DRINK,FOODON_00002253;FOODON_03310815;PATO_0000387
848,B000848,QUESADILLA,FOODON_00002538
849,B000849,TRIPLE SEC,FOODON_00002551
850,B000850,SPEARMINT,NCBITaxon_29719
851,B000851,JELLY BEAN,FOODON_03302883
852,B000852,CHOCOLATE COOKIE,FOODON_03307240;FOODON_03301585;FOODON_03302882
853,B000853,PECAN PIE FILLING,FOODON_03306766;FOODON_03315125;FOODON_03306781
854,B000854,PECAN PIE,FOODON_03306781;NCBITaxon_32201
855,B000855,CORN HUSK,FOODON_03301388;NCBITaxon_381124;FOODON_03420181
856,B000856,MAN,NCBITaxon_9606;FOODON_03510251
857,B000857,VEGETABLE OIL SPREAD,FOODON_03305263;FOODON_03302874
858,B000858,BATTER MIX,FOODON_03315887;FOODON_03301304
859,B000859,BEARS,NCBITaxon_9632
860,B000860,CHOCOLATE CHIP COOKIE,FOODON_03301585;FOODON_03304096;FOODON_03302850
861,B000861,AGAR,CHEBI_2509
862,B000862,SWEET BEAN PASTE,FOODON_00002387;FOODON_03315362;FOODON_00002388
863,B000863,BLACK CHERRY,NCBITaxon_23207
864,B000864,CHERRY JAM,FOODON_03309973;FOODON_03301252;FOODON_03301240
865,B000865,PALM SUGAR,FOODON_03304565;FOODON_03420108
866,B000866,MULBERRIES,NCBITaxon_3497
867,B000867,CHERRY LIQUEUR,FOODON_03305860;FOODON_03301008;FOODON_03301240
868,B000868,CHURRO,FOODON_03312034
869,B000869,CLEMENTINE,FOODON_03303079
870,B000870,CHOCOLATE-COVERED PEANUT,FOODON_03307240;FOODON_03309829;NCBITaxon_3818
871,B000871,PUMPKINS,NCBITaxon_3660
872,B000872,WHITE CHOCOLATE COATING,FOODON_03301329;FOODON_03302909
873,B000873,BARLEY MALT,NCBITaxon_4513;FOODON_03301018;FOODON_03306040
874,B000874,COTTON CANDY,FOODON_03301900;FOODON_03301051;NCBITaxon_3635
875,B000875,PEAR JUICE,FOODON_03301294;FOODON_03301724;FOODON_00002102
876,B000876,GERMAN,hancestro_0364;ancestro_0364
877,B000877,CAROB POWDER,FOODON_03302170
878,B000878,ORANGE DRINK,FOODON_03309832;FOODON_03301100
879,B000879,GRUNT,FOODON_03411813
880,B000880,CAPPUCCINO,FOODON_03303096
881,B000881,LEMON BUTTER,FOODON_03302436;FOODON_03310351;FOODON_03301441
882,B000882,PUFFED RICE CEREAL,FOODON_03302841;FOODON_03310609
883,B000883,MINT JELLY,FOODON_03305875
884,B000884,FOOT,UO_0010013
885,B000885,CHERRY PRESERVES,FOODON_03301240;FOODON_03306995
886,B000886,FRUIT SYRUP,FOODON_03304333;FOODON_03303225;PO_0009001
887,B000887,CITRUS PEEL,FOODON_03303068;NCBITaxon_2706
888,B000888,ICE CREAM MIX,FOODON_03305667;FOODON_03301926
889,B000889,TREACLE,FOODON_03307582
890,B000890,LEMON PIE FILLING,FOODON_03306679;FOODON_03306766;FOODON_03311477
891,B000891,LEMON PIE,FOODON_03306679;FOODON_03301441
892,B000892,GUAR GUM,NCBITaxon_3832;FOODON_03413114
893,B000893,FRUIT PUREE,PO_0009001;FOODON_03310649
894,B000894,TAMALE,FOODON_03304758
895,B000895,PASSION FRUIT PULP,FOODON_03411634;FOODON_03301109;FOODON_03307022
896,B000896,BUTTER CREAM,FOODON_03310351;FOODON_03302542
897,B000897,SITE,BFO_0000029
898,B000898,BLIND BAKING,FOODON_03450046
899,B000899,KIDNEY BEAN,UBERON_0002113;NCBITaxon_3885
900,B000900,CHOCOLATE CUSTARD,FOODON_03307240;FOODON_03302946;FOODON_03303341
901,B000901,COCONUT CUSTARD,FOODON_03302946;FOODON_03309736
902,B000902,PECAN MEAL,FOODON_03311218;NCBITaxon_32201
903,B000903,BLUEBERRY JAM,FOODON_03301125;FOODON_03309973
904,B000904,DIGESTIVE BISCUIT,FOODON_03309518
905,B000905,LECITHIN,CHEBI_61995
906,B000906,POMELO,NCBITaxon_37334
907,B000907,LYCHEE,NCBITaxon_151069
908,B000908,KINAKO,FOODON_03315449
909,B000909,MANGO NECTAR,FOODON_03304361;NCBITaxon_29780
910,B000910,LEMON SHERBET,FOODON_03301441;FOODON_03302854;FOODON_03305429
911,B000911,BUTTER COOKIE,FOODON_03301585;FOODON_03310351;FOODON_03303155
912,B000912,PUFFED WHEAT CEREAL,FOODON_03312031;FOODON_03302842
913,B000913,CREAM SWEETENED,FOODON_03310474
914,B000914,BITTER MELON,NCBITaxon_3673
915,B000915,MANDARIN ORANGE JUICE,NCBITaxon_85571;FOODON_00002019
916,B000916,LIME MARMALADE,FOODON_03306377;FOODON_03305086;FOODON_03306389
917,B000917,STEEPING,FOODON_03450036
918,B000918,BLUEBERRY JUICE,FOODON_00002512
919,B000919,RED BEAN PASTE,FOODON_03311285;FOODON_03315362
920,B000920,TANGERINE JUICE,FOODON_03315108;FOODON_03305751
921,B000921,BUBBLE GUM,FOODON_03301726
922,B000922,BANANA CHIP,NCBITaxon_89151;FOODON_03307587
923,B000923,SUGAR COOKIE,FOODON_03301585;FOODON_03303165;FOODON_03420108
924,B000924,CAKE ROLL,FOODON_03304529
925,B000925,DEEP-FRYING,FOODON_03450029
926,B000926,DANDELION,NCBITaxon_50225
927,B000927,GELATIN DESSERT,FOODON_03305342;CHEBI_5291
928,B000928,WHITE GRAPE JUICE,FOODON_03309404;FOODON_00001926
929,B000929,NUT BUTTER,FOODON_03310351;FOODON_03302438
930,B000930,APPLICATION,CHEBI_33232
931,B000931,DANISH,hancestro_0359;ancestro_0359
932,B000932,FIELD,ENVO_01000352
933,B000933,FRUIT CAKE,FOODON_03301635;PO_0009001
934,B000934,GARDEN,ENVO_00000011
935,B000935,HONEY BUN,UBERON_0036016;FOODON_03302314
936,B000936,BUCKEYES,NCBITaxon_43363
937,B000937,PEPPERMINT PATTY,FOODON_03304824;NCBITaxon_34256
938,B000938,SOLID LAYER,ENVO_01000281;ENVO_01001275
939,B000939,GELATO,FOODON_03305076
940,B000940,FRUIT TOPPING,PO_0009001;FOODON_03315053
941,B000941,PIE FILLING MIX,FOODON_03306766;FOODON_03315696;FOODON_03315705
942,B000942,CREME DE MENTHE LIQUEUR,FOODON_03301606;FOODON_03301008
943,B000943,CHAR,FOODON_03414051
944,B000944,FRUIT PIE FILLING,FOODON_03307431;FOODON_03306766;FOODON_03306763
945,B000945,FRUIT PIE,FOODON_03307431;PO_0009001
946,B000946,CASTOR SUGAR,NCBITaxon_10184;FOODON_03420108;FOODON_03307549
947,B000947,QUALITY,BFO_0000019;PATO_0000001
948,B000948,EGG BUTTER,FOODON_03310351;FOODON_03302447
949,B000949,LIGHT WHIPPING CREAM,FOODON_03301796;FOODON_03420154
950,B000950,ASPARTAME,CHEBI_2877
951,B000951,COCONUT PRESERVES,FOODON_03303952
952,B000952,COFFEE CAKE,FOODON_03302898
953,B000953,PEANUT BRITTLE,NCBITaxon_3818;FOODON_03302000
954,B000954,MAPLE BUTTER,FOODON_03302509;FOODON_03310351
955,B000955,MALTED MILK BALL,FOODON_03304394;FOODON_03301818
956,B000956,SUGAR CUBE,FOODON_03420108;FOODON_03316445
957,B000957,INNER BAG,FOODON_03490420
958,B000958,FORTUNE COOKIE,FOODON_03301585;FOODON_03303150
959,B000959,PLANT,FOODON_03411347
960,B000960,CUSTARD MIX,FOODON_03302946;FOODON_03315400
961,B000961,PEANUT CANDY,FOODON_03301051;NCBITaxon_3818;FOODON_03310296
962,B000962,WRACKS,FOODON_03414510
963,B000963,CREAM PUFF,FOODON_03311177
964,B000964,SWEET BASIL,NCBITaxon_39350
965,B000965,SHARKS,NCBITaxon_119203
966,B000966,BREAKFAST CEREAL,FOODON_03311075
967,B000967,SODA CRACKER,FOODON_03302571
968,B000968,BLACK WALNUT,FOODON_03316466;NCBITaxon_16719
969,B000969,CAKE MIX (DRY),FOODON_03302535;FOODON_03317068
970,B000970,OATMEAL COOKIE,FOODON_03301585;FOODON_03305157
971,B000971,HAMBURGER BUN,FOODON_03302319
972,B000972,WHITE ROLL,FOODON_03303181
973,B000973,ORANGE BEVERAGE,FOODON_03301977;FOODON_03309832;FOODON_03302385
974,B000974,ORANGE DRINK MIX,FOODON_03305778;FOODON_03301100
975,B000975,CAT,NCBITaxon_9685
976,B000976,GRAPEFRUIT PEEL,NCBITaxon_37656;FOODON_03305560
977,B000977,INSTANT TEA POWDER,FOODON_03317489
978,B000978,PROPANE,CHEBI_32879
979,B000979,GRENADINE SYRUP,FOODON_03303225;FOODON_03305436
980,B000980,REINDEER,FOODON_03411509;NCBITaxon_9870
981,B000981,CANDIED CITRON,FOODON_03301790;NCBITaxon_171251
982,B000982,PINEAPPLE JAM,FOODON_03305242;NCBITaxon_4615;FOODON_03309973
983,B000983,SCOTCH WHISKEY,FOODON_03302775;FOODON_03307232
984,B000984,SALAD OIL,FOODON_03306562;FOODON_03310387;FOODON_03316042
985,B000985,TURTLE,FOODON_03411242
986,B000986,ASCORBIC ACID,CHEBI_22652
987,B000987,PETIT FOUR,FOODON_03301937
988,B000988,CHOCOLATE FUDGE TOPPING,FOODON_03307240;FOODON_03301728;FOODON_03303604
989,B000989,TONGUE,UBERON_0001723
990,B000990,BRANDY SAUCE,FOODON_03304011;FOODON_03301632;FOODON_03311146
991,B000991,AMMONIUM CARBONATE,FOODON_03412997
992,B000992,LEMONADE DRINK,FOODON_03301630;FOODON_03305154
993,B000993,SNAIL SHELL,FOODON_03308706;FOODON_03412114
994,B000994,SNAIL,FOODON_03412114
995,B000995,PEACH PIE FILLING,FOODON_03306673;FOODON_03306766;FOODON_03306759
996,B000996,PEACH PIE,NCBITaxon_3760;FOODON_03306759
997,B000997,BIRDS,NCBITaxon_8782
998,B000998,COFFEE SYRUP,FOODON_03303225;FOODON_03304323
999,B000999,LEMONADE-FLAVORED DRINK,FOODON_03306243;FOODON_03301630
1000,B001000,CRABAPPLE JELLY,FOODON_03305888
1001,B001001,CHOCOLATE ROLL,FOODON_03307240;FOODON_03311854
1002,B001002,HOT TUB,ENVO_01000938
1003,B001003,CANADA,GAZ_00002560
1004,B001004,COOKING WINE,FOODON_03307299
1005,B001005,FRUIT SALAD,FOODON_03305148;PO_0009001;FOODON_03316042
1006,B001006,BLACK CURRANT SYRUP,FOODON_03303225;FOODON_03307716
1007,B001007,MINT CANDY,FOODON_03301051;FOODON_03303760
1008,B001008,WINE SAUCE,FOODON_03311146;FOODON_03307297
1009,B001009,TURTLES,NCBITaxon_8459
1010,B001010,SHOP,ENVO_00002221
1011,B001011,APPLE COOKIE,FOODON_03301922;FOODON_03301585;FOODON_03301710
1012,B001012,METAL CONTAINER,FOODON_03500041;FOODON_03490151
1013,B001013,FAT SUBSTITUTE,FOODON_03311714
1014,B001014,BOUILLON POWDER,FOODON_03301468;FOODON_03317090
1015,B001015,PEAR NECTAR,FOODON_03301724;FOODON_03301289
1016,B001016,ROSE WINE,FOODON_03310734
1017,B001017,BOTTLE OR JAR,FOODON_03490203;FOODON_03490214;FOODON_03490215
1018,B001018,CORK,FOODON_03500046
1019,B001019,CRANBERRY CONCENTRATE,FOODON_03301106
1020,B001020,MALT LIQUOR,FOODON_03315625;FOODON_03306040
1021,B001021,CRANBERRY JUICE CONCENTRATE,FOODON_03305748;FOODON_03301671
1022,B001022,CRANBERRY JUICE COCKTAIL,FOODON_03301533;FOODON_03301671
1023,B001023,HIBISCUS,NCBITaxon_47605
1024,B001024,RED RASPBERRY,NCBITaxon_32247
1025,B001025,SPARKLING GRAPE JUICE,FOODON_00001926;FOODON_03304276
1026,B001026,COCONUT SYRUP,FOODON_03307523;FOODON_03303225
1027,B001027,LEMON SODA,FOODON_03302411;FOODON_03301441
1028,B001028,ROCK CANDY,FOODON_03303745;FOODON_03301051
1029,B001029,WITCH,NCBITaxon_34819
1030,B001030,ORGEAT SYRUP,FOODON_03303225;FOODON_03301064
1031,B001031,CRANBERRY JUICE DRINK,FOODON_03306182;FOODON_03301671
1032,B001032,LIME DRINK MIX,FOODON_03305086;FOODON_03302237
1033,B001033,BEVERAGE MIX,FOODON_03315247;FOODON_03301977
1034,B001034,MALT EXTRACT,FOODON_03301056;FOODON_03306040
1035,B001035,IRISH MOSS,FOODON_03411742;hancestro_0383;NCBITaxon_2769
1036,B001036,CORN SUGAR,FOODON_03301475;NCBITaxon_381124;FOODON_03420108
1037,B001037,NYLON,FOODON_03500027
1038,B001038,APERITIF WINE,FOODON_03317565
1039,B001039,WILD TURKEY,FOODON_03414166;NCBITaxon_9103
1040,B001040,PINK GRAPEFRUIT,NCBITaxon_37656;FOODON_03311296
1041,B001041,FISH OIL,FOODON_03310387;FOODON_03306123;FOODON_03411222
1042,B001042,VERBENA,NCBITaxon_22002;FOODON_03413479
1043,B001043,BARBADOS,GAZ_00001251
1044,B001044,ORANGE-FLAVORED DRINK,FOODON_03301669;FOODON_03309832
1045,B001045,ORANGE YOGURT,FOODON_03309832;FOODON_03309602
1046,B001046,VIETNAMESE,ancestro_0502;hancestro_0502
1047,B001047,COCKTAIL ONION,FOODON_03316347;FOODON_03306563
1048,B001048,PINEAPPLE PULP,FOODON_03306782;NCBITaxon_4615
1049,B001049,SOURSOP,NCBITaxon_13337
1050,B001050,SPRING WATER,ENVO_00000027;FOODON_03307813;ENVO_00002006
1051,B001051,APPLE WINE,FOODON_03301710;FOODON_03301134
1052,B001052,FRUIT-FLAVORED SYRUP,FOODON_03303225;FOODON_03311362
1053,B001053,PAIL,FOODON_03490219
1054,B001054,LYCHEE FRUIT,PO_0009001;NCBITaxon_151069;FOODON_03310417
1055,B001055,GOATS,NCBITaxon_9925
1056,B001056,BRAIN,UBERON_0000955
1057,B001057,BEEF GRAVY MIX,FOODON_03303557;FOODON_03310598
1058,B001058,FLANK,FOODON_03530022
1059,B001059,ORANGE ROUGHY,FOODON_03309832;NCBITaxon_96778;FOODON_03412327;FOODON_03412328
1060,B001060,ROUGHY,FOODON_03412327
1061,B001061,CHICKEN FAT,FOODON_03411457;FOODON_03305091
1062,B001062,SEA BASS,FOODON_03412180;ENVO_00000016
1063,B001063,IN BRINE,FOODON_03401212;FOODON_03302715
1064,B001064,CHIVE,NCBITaxon_74900
1065,B001065,HOT PEPPER PASTE,FOODON_03306738
1066,B001066,GROUPER,FOODON_03411496
1067,B001067,BEEF DRIPPINGS,FOODON_03304174
1068,B001068,SNAPPER,FOODON_03411510
