ID|Food Concept|URLs
C000000|WORCESTERSHIRE SAUCE|http://purl.bioontology.org/ontology/SNOMEDCT/227519005;http://purl.bioontology.org/ontology/SNOMEDCT/443701000124100
C000001|CREAM CHEESE|http://purl.bioontology.org/ontology/SNOMEDCT/226849005;http://purl.bioontology.org/ontology/SNOMEDCT/102264005;http://purl.bioontology.org/ontology/SNOMEDCT/255621006
C000002|CHEESE|http://purl.bioontology.org/ontology/SNOMEDCT/102264005
C000003|OLIVES|http://purl.bioontology.org/ontology/SNOMEDCT/227436000
C000004|ONION|http://purl.bioontology.org/ontology/SNOMEDCT/735047000
C000005|BEEF|http://purl.bioontology.org/ontology/SNOMEDCT/226916002
C000006|MOZZARELLA CHEESE|http://purl.bioontology.org/ontology/SNOMEDCT/226837009;http://purl.bioontology.org/ontology/SNOMEDCT/102264005
C000007|PARMESAN CHEESE|http://purl.bioontology.org/ontology/SNOMEDCT/226838004;http://purl.bioontology.org/ontology/SNOMEDCT/102264005
C000008|TORTILLA CHIPS|http://purl.bioontology.org/ontology/SNOMEDCT/226587006;http://purl.bioontology.org/ontology/SNOMEDCT/227592002;http://purl.bioontology.org/ontology/SNOMEDCT/227282006
C000009|MAYONNAISE|http://purl.bioontology.org/ontology/SNOMEDCT/227549007
C000010|ARTICHOKE|http://purl.bioontology.org/ontology/SNOMEDCT/227215000
C000011|ALMONDS|http://purl.bioontology.org/ontology/SNOMEDCT/256350002
C000012|GARLIC|http://purl.bioontology.org/ontology/SNOMEDCT/735030001
C000013|LEMON JUICE|http://purl.bioontology.org/ontology/SNOMEDCT/735340006;http://purl.bioontology.org/ontology/SNOMEDCT/129559002;http://purl.bioontology.org/ontology/SNOMEDCT/226495007
C000014|OLIVE OIL|http://purl.bioontology.org/ontology/SNOMEDCT/411317002;http://purl.bioontology.org/ontology/SNOMEDCT/41834005
C000015|ROSEMARY|http://purl.bioontology.org/ontology/SNOMEDCT/227410007
C000016|HUMMUS|http://purl.bioontology.org/ontology/SNOMEDCT/227349006
C000017|HONEY|http://purl.bioontology.org/ontology/SNOMEDCT/227598003
C000018|VEGETABLE OIL|http://purl.bioontology.org/ontology/SNOMEDCT/22836000;http://purl.bioontology.org/ontology/SNOMEDCT/412552006
C000019|TORTILLA|http://purl.bioontology.org/ontology/SNOMEDCT/226587006
C000020|CHICKEN|http://purl.bioontology.org/ontology/SNOMEDCT/226955001
C000021|COOKIE|http://purl.bioontology.org/ontology/SNOMEDCT/444001000124100
C000022|SAUCE|http://purl.bioontology.org/ontology/SNOMEDCT/227519005
C000023|CORN|http://purl.bioontology.org/ontology/SNOMEDCT/412357001
C000024|PICKLE|http://purl.bioontology.org/ontology/SNOMEDCT/227538001
C000025|MEAT|http://purl.bioontology.org/ontology/SNOMEDCT/28647000
C000026|SALAD DRESSING|http://purl.bioontology.org/ontology/SNOMEDCT/227927005;http://purl.bioontology.org/ontology/SNOMEDCT/227545001
C000027|CHEDDAR CHEESE|http://purl.bioontology.org/ontology/SNOMEDCT/226820002;http://purl.bioontology.org/ontology/SNOMEDCT/102264005
C000028|MILK|http://purl.bioontology.org/ontology/SNOMEDCT/70813002
C000029|ALLSPICE|http://purl.bioontology.org/ontology/SNOMEDCT/227375005
C000030|PEPPER|http://purl.bioontology.org/ontology/SNOMEDCT/412066006;http://purl.bioontology.org/ontology/SNOMEDCT/227563001
C000031|RICE|http://purl.bioontology.org/ontology/SNOMEDCT/67324005
C000032|LAMB|http://purl.bioontology.org/ontology/SNOMEDCT/226942002
C000033|BROWN SUGAR|http://purl.bioontology.org/ontology/SNOMEDCT/230055000
C000034|CINNAMON|http://purl.bioontology.org/ontology/SNOMEDCT/227388008
C000035|JUICE|http://purl.bioontology.org/ontology/SNOMEDCT/129559002
C000036|WHITE SUGAR|http://purl.bioontology.org/ontology/SNOMEDCT/230053007
C000037|VANILLA|http://purl.bioontology.org/ontology/SNOMEDCT/412070003
C000038|ALMOND|http://purl.bioontology.org/ontology/SNOMEDCT/256350002
C000039|JALAPENO PEPPER|http://purl.bioontology.org/ontology/SNOMEDCT/412066006;http://purl.bioontology.org/ontology/SNOMEDCT/442681000124105
C000040|BELL PEPPER|http://purl.bioontology.org/ontology/SNOMEDCT/442691000124108;http://purl.bioontology.org/ontology/SNOMEDCT/412066006
C000041|RED PEPPER|http://purl.bioontology.org/ontology/SNOMEDCT/260180006;http://purl.bioontology.org/ontology/SNOMEDCT/412066006
C000042|RED ONION|http://purl.bioontology.org/ontology/SNOMEDCT/735047000;http://purl.bioontology.org/ontology/SNOMEDCT/442361000124108
C000043|CILANTRO|http://purl.bioontology.org/ontology/SNOMEDCT/227390009
C000044|LIME|http://purl.bioontology.org/ontology/SNOMEDCT/227430006
C000045|SESAME OIL|http://purl.bioontology.org/ontology/SNOMEDCT/428094008;http://purl.bioontology.org/ontology/SNOMEDCT/89707004
C000046|SOY SAUCE|http://purl.bioontology.org/ontology/SNOMEDCT/227519005;http://purl.bioontology.org/ontology/SNOMEDCT/227537006
C000047|ZUCCHINI|http://purl.bioontology.org/ontology/SNOMEDCT/227239005
C000048|CABBAGE|http://purl.bioontology.org/ontology/SNOMEDCT/735108004
C000049|FLOUR|http://purl.bioontology.org/ontology/SNOMEDCT/63766005
C000050|PORK SAUSAGE|http://purl.bioontology.org/ontology/SNOMEDCT/226934003;http://purl.bioontology.org/ontology/SNOMEDCT/227025004;http://purl.bioontology.org/ontology/SNOMEDCT/227020009
C000051|SAUERKRAUT|http://purl.bioontology.org/ontology/SNOMEDCT/442751000124107
C000052|SAUSAGE|http://purl.bioontology.org/ontology/SNOMEDCT/227020009
C000053|MUSTARD|http://purl.bioontology.org/ontology/SNOMEDCT/51905005
C000054|PARSLEY|http://purl.bioontology.org/ontology/SNOMEDCT/735048005
C000055|BREAD|http://purl.bioontology.org/ontology/SNOMEDCT/226559002
C000056|KETCHUP|http://purl.bioontology.org/ontology/SNOMEDCT/442891000124107
C000057|BUTTER|http://purl.bioontology.org/ontology/SNOMEDCT/226888007
C000058|CREAM|http://purl.bioontology.org/ontology/SNOMEDCT/255621006
C000059|PEPPERONI|http://purl.bioontology.org/ontology/SNOMEDCT/442771000124102
C000060|BANANA|http://purl.bioontology.org/ontology/SNOMEDCT/256307007
C000061|PIZZA|http://purl.bioontology.org/ontology/SNOMEDCT/227757007
C000062|DILL|http://purl.bioontology.org/ontology/SNOMEDCT/256331002
C000063|PASTA SAUCE|http://purl.bioontology.org/ontology/SNOMEDCT/227519005;http://purl.bioontology.org/ontology/SNOMEDCT/227535003;http://purl.bioontology.org/ontology/SNOMEDCT/226740002
C000064|SPAGHETTI|http://purl.bioontology.org/ontology/SNOMEDCT/226744006
C000065|NOODLES|http://purl.bioontology.org/ontology/SNOMEDCT/226735005
C000066|MUFFIN|http://purl.bioontology.org/ontology/SNOMEDCT/226704004
C000067|PASTA|http://purl.bioontology.org/ontology/SNOMEDCT/226740002
C000068|NUT|http://purl.bioontology.org/ontology/SNOMEDCT/13577000
C000069|CRACKER|http://purl.bioontology.org/ontology/SNOMEDCT/226543002
C000070|NUTMEG|http://purl.bioontology.org/ontology/SNOMEDCT/735046009
C000071|BACON|http://purl.bioontology.org/ontology/SNOMEDCT/226928005
C000072|SYRUP|http://purl.bioontology.org/ontology/SNOMEDCT/229862008
C000073|WHITE PEPPER|http://purl.bioontology.org/ontology/SNOMEDCT/412066006;http://purl.bioontology.org/ontology/SNOMEDCT/442521000124107
C000074|BLUE CHEESE|http://purl.bioontology.org/ontology/SNOMEDCT/102264005;http://purl.bioontology.org/ontology/SNOMEDCT/442551000124103
C000075|HOT PEPPER|http://purl.bioontology.org/ontology/SNOMEDCT/442671000124107;http://purl.bioontology.org/ontology/SNOMEDCT/412066006
C000076|MARGARINE|http://purl.bioontology.org/ontology/SNOMEDCT/226890008
C000077|GINGER|http://purl.bioontology.org/ontology/SNOMEDCT/227400003
C000078|CRAB|http://purl.bioontology.org/ontology/SNOMEDCT/736159005
C000079|CUCUMBER|http://purl.bioontology.org/ontology/SNOMEDCT/735213008
C000080|SEAWEED|http://purl.bioontology.org/ontology/SNOMEDCT/82114006;http://purl.bioontology.org/ontology/SNOMEDCT/227265009
C000081|ITALIAN DRESSING|http://purl.bioontology.org/ontology/SNOMEDCT/443721000124105
C000082|CAULIFLOWER|http://purl.bioontology.org/ontology/SNOMEDCT/735336002
C000083|HORSERADISH|http://purl.bioontology.org/ontology/SNOMEDCT/735040003
C000084|SALMON|http://purl.bioontology.org/ontology/SNOMEDCT/735009005
C000085|SHRIMP|http://purl.bioontology.org/ontology/SNOMEDCT/278840001
C000086|SOUP|http://purl.bioontology.org/ontology/SNOMEDCT/227566009
C000087|PEAS|http://purl.bioontology.org/ontology/SNOMEDCT/260184002
C000088|POPCORN|http://purl.bioontology.org/ontology/SNOMEDCT/226726003
C000089|BLACK PEPPER|http://purl.bioontology.org/ontology/SNOMEDCT/412066006;http://purl.bioontology.org/ontology/SNOMEDCT/412060000
C000090|AVOCADO|http://purl.bioontology.org/ontology/SNOMEDCT/735249009
C000091|CHILI POWDER|http://purl.bioontology.org/ontology/SNOMEDCT/227385006
C000092|BEAN|http://purl.bioontology.org/ontology/SNOMEDCT/256354006
C000093|MUSHROOM|http://purl.bioontology.org/ontology/SNOMEDCT/735045008
C000094|SEASONING|http://purl.bioontology.org/ontology/SNOMEDCT/227553009
C000095|SPINACH|http://purl.bioontology.org/ontology/SNOMEDCT/256329006
C000096|EVAPORATED MILK|http://purl.bioontology.org/ontology/SNOMEDCT/70813002;http://purl.bioontology.org/ontology/SNOMEDCT/226787009
C000097|SPICE|http://purl.bioontology.org/ontology/SNOMEDCT/24515005
C000098|VERMICELLI|http://purl.bioontology.org/ontology/SNOMEDCT/226748009
C000099|LETTUCE|http://purl.bioontology.org/ontology/SNOMEDCT/735042006
C000100|BASIL|http://purl.bioontology.org/ontology/SNOMEDCT/735106000
C000101|FISH|http://purl.bioontology.org/ontology/SNOMEDCT/735971005
C000102|MINT|http://purl.bioontology.org/ontology/SNOMEDCT/226041007
C000103|PAPRIKA|http://purl.bioontology.org/ontology/SNOMEDCT/227408005
C000104|POTATO|http://purl.bioontology.org/ontology/SNOMEDCT/735053000
C000105|YOGURT|http://purl.bioontology.org/ontology/SNOMEDCT/226863004
C000106|THYME|http://purl.bioontology.org/ontology/SNOMEDCT/227413009
C000107|CORN SYRUP|http://purl.bioontology.org/ontology/SNOMEDCT/229862008;http://purl.bioontology.org/ontology/SNOMEDCT/412064009;http://purl.bioontology.org/ontology/SNOMEDCT/412357001
C000108|FETA CHEESE|http://purl.bioontology.org/ontology/SNOMEDCT/226831005;http://purl.bioontology.org/ontology/SNOMEDCT/102264005
C000109|VERMOUTH|http://purl.bioontology.org/ontology/SNOMEDCT/608773004
C000110|SHERRY|http://purl.bioontology.org/ontology/SNOMEDCT/226057007
C000111|PORK|http://purl.bioontology.org/ontology/SNOMEDCT/226934003
C000112|PEANUT BUTTER|http://purl.bioontology.org/ontology/SNOMEDCT/226888007;http://purl.bioontology.org/ontology/SNOMEDCT/102260001;http://purl.bioontology.org/ontology/SNOMEDCT/762952008
C000113|CHOCOLATE|http://purl.bioontology.org/ontology/SNOMEDCT/102262009
C000114|OATMEAL|http://purl.bioontology.org/ontology/SNOMEDCT/226725004
C000115|CEREAL|http://purl.bioontology.org/ontology/SNOMEDCT/23182003
C000116|CHIPS|http://purl.bioontology.org/ontology/SNOMEDCT/227282006
C000117|CHEESE SPREAD|http://purl.bioontology.org/ontology/SNOMEDCT/102264005;http://purl.bioontology.org/ontology/SNOMEDCT/226809002
C000118|BEER|http://purl.bioontology.org/ontology/SNOMEDCT/53410008
C000119|CHILI PEPPER|http://purl.bioontology.org/ontology/SNOMEDCT/710040007;http://purl.bioontology.org/ontology/SNOMEDCT/412066006
C000120|VEGETABLE|http://purl.bioontology.org/ontology/SNOMEDCT/22836000
C000121|MAPLE SYRUP|http://purl.bioontology.org/ontology/SNOMEDCT/229862008;http://purl.bioontology.org/ontology/SNOMEDCT/229865005
C000122|APPLESAUCE|http://purl.bioontology.org/ontology/SNOMEDCT/420823005
C000123|CANOLA OIL|http://purl.bioontology.org/ontology/SNOMEDCT/713648000;http://purl.bioontology.org/ontology/SNOMEDCT/226908006
C000124|RAISINS|http://purl.bioontology.org/ontology/SNOMEDCT/227463004
C000125|COCONUT|http://purl.bioontology.org/ontology/SNOMEDCT/735211005
C000126|LIQUEUR|http://purl.bioontology.org/ontology/SNOMEDCT/226038003
C000127|OYSTER|http://purl.bioontology.org/ontology/SNOMEDCT/736031006
C000128|CELERY|http://purl.bioontology.org/ontology/SNOMEDCT/256326004
C000129|TOMATO|http://purl.bioontology.org/ontology/SNOMEDCT/734881000
C000130|CHERRY|http://purl.bioontology.org/ontology/SNOMEDCT/735248001
C000131|EGG WHITE|http://purl.bioontology.org/ontology/SNOMEDCT/256443002
C000132|WHISKEY|http://purl.bioontology.org/ontology/SNOMEDCT/226528004
C000133|BREADCRUMBS|http://purl.bioontology.org/ontology/SNOMEDCT/226562004
C000134|SEAFOOD|http://purl.bioontology.org/ontology/SNOMEDCT/44027008
C000135|SWISS CHEESE|http://purl.bioontology.org/ontology/SNOMEDCT/102264005;http://purl.bioontology.org/ontology/SNOMEDCT/442341000124109
C000136|CORNED BEEF|http://purl.bioontology.org/ontology/SNOMEDCT/227034009;http://purl.bioontology.org/ontology/SNOMEDCT/226916002
C000137|COCKTAIL|http://purl.bioontology.org/ontology/SNOMEDCT/608772009
C000138|SWEET POTATO|http://purl.bioontology.org/ontology/SNOMEDCT/735053000;http://purl.bioontology.org/ontology/SNOMEDCT/735004000
C000139|POTATO CAKES|http://purl.bioontology.org/ontology/SNOMEDCT/227911003;http://purl.bioontology.org/ontology/SNOMEDCT/735053000
C000140|TOMATO SAUCE|http://purl.bioontology.org/ontology/SNOMEDCT/227519005;http://purl.bioontology.org/ontology/SNOMEDCT/734881000;http://purl.bioontology.org/ontology/SNOMEDCT/227536002
C000141|SALAD|http://purl.bioontology.org/ontology/SNOMEDCT/227927005
C000142|WHITE WINE|http://purl.bioontology.org/ontology/SNOMEDCT/67990004;http://purl.bioontology.org/ontology/SNOMEDCT/35748005
C000143|MOLASSES|http://purl.bioontology.org/ontology/SNOMEDCT/227606003
C000144|TEA|http://purl.bioontology.org/ontology/SNOMEDCT/16313001
C000145|BROCCOLI|http://purl.bioontology.org/ontology/SNOMEDCT/735123009
C000146|PASTRY|http://purl.bioontology.org/ontology/SNOMEDCT/226749001
C000147|BRIE CHEESE|http://purl.bioontology.org/ontology/SNOMEDCT/102264005;http://purl.bioontology.org/ontology/SNOMEDCT/226855000
C000148|CURRY POWDER|http://purl.bioontology.org/ontology/SNOMEDCT/227395004
C000149|JELLY|http://purl.bioontology.org/ontology/SNOMEDCT/227722009
C000150|COTTAGE CHEESE|http://purl.bioontology.org/ontology/SNOMEDCT/102264005;http://purl.bioontology.org/ontology/SNOMEDCT/226814003
C000151|CRANBERRIES|http://purl.bioontology.org/ontology/SNOMEDCT/227421003
C000152|CORNMEAL|http://purl.bioontology.org/ontology/SNOMEDCT/229948002
C000153|EGGPLANT|http://purl.bioontology.org/ontology/SNOMEDCT/227219006
C000154|PEANUT|http://purl.bioontology.org/ontology/SNOMEDCT/762952008
C000155|QUINOA|http://purl.bioontology.org/ontology/SNOMEDCT/227515004
C000156|BLUEBERRIES|http://purl.bioontology.org/ontology/SNOMEDCT/412061001
C000157|OATS|http://purl.bioontology.org/ontology/SNOMEDCT/418504009;http://purl.bioontology.org/ontology/SNOMEDCT/9424004
C000158|COCONUT MILK|http://purl.bioontology.org/ontology/SNOMEDCT/735211005;http://purl.bioontology.org/ontology/SNOMEDCT/70813002;http://purl.bioontology.org/ontology/SNOMEDCT/227500000
C000159|PINEAPPLE|http://purl.bioontology.org/ontology/SNOMEDCT/256313003
C000160|WATERMELON|http://purl.bioontology.org/ontology/SNOMEDCT/419420009
C000161|RED WINE|http://purl.bioontology.org/ontology/SNOMEDCT/58732000;http://purl.bioontology.org/ontology/SNOMEDCT/35748005
C000162|TARRAGON|http://purl.bioontology.org/ontology/SNOMEDCT/227412004
C000163|SAGE|http://purl.bioontology.org/ontology/SNOMEDCT/227411006
C000164|OREGANO|http://purl.bioontology.org/ontology/SNOMEDCT/227407000
C000165|HAM|http://purl.bioontology.org/ontology/SNOMEDCT/442861000124104
C000166|PANCAKE|http://purl.bioontology.org/ontology/SNOMEDCT/443981000124106
C000167|BAY LEAF|http://purl.bioontology.org/ontology/SNOMEDCT/227379004
C000168|WINE|http://purl.bioontology.org/ontology/SNOMEDCT/35748005
C000169|PAPAYA|http://purl.bioontology.org/ontology/SNOMEDCT/735212003
C000170|COLESLAW|http://purl.bioontology.org/ontology/SNOMEDCT/227932006
C000171|CARDAMOM|http://purl.bioontology.org/ontology/SNOMEDCT/227382009
C000172|DATES|http://purl.bioontology.org/ontology/SNOMEDCT/227423000
C000173|COCONUT OIL|http://purl.bioontology.org/ontology/SNOMEDCT/735211005;http://purl.bioontology.org/ontology/SNOMEDCT/28942008
C000174|LEMON GRASS|http://purl.bioontology.org/ontology/SNOMEDCT/735340006;http://purl.bioontology.org/ontology/SNOMEDCT/821000161108
C000175|PUMPKIN|http://purl.bioontology.org/ontology/SNOMEDCT/227260004
C000176|WHIPPING CREAM|http://purl.bioontology.org/ontology/SNOMEDCT/226802006;http://purl.bioontology.org/ontology/SNOMEDCT/255621006
C000177|POTATO CHIPS|http://purl.bioontology.org/ontology/SNOMEDCT/227589001;http://purl.bioontology.org/ontology/SNOMEDCT/735053000;http://purl.bioontology.org/ontology/SNOMEDCT/227282006
C000178|LEMON|http://purl.bioontology.org/ontology/SNOMEDCT/735340006
C000179|WHEAT|http://purl.bioontology.org/ontology/SNOMEDCT/412071004
C000180|GUACAMOLE|http://purl.bioontology.org/ontology/SNOMEDCT/227872003
C000181|QUICHE|http://purl.bioontology.org/ontology/SNOMEDCT/227632009
C000182|FRUIT|http://purl.bioontology.org/ontology/SNOMEDCT/72511004
C000183|CAKE|http://purl.bioontology.org/ontology/SNOMEDCT/226639005
C000184|ALMOND MILK|http://purl.bioontology.org/ontology/SNOMEDCT/70813002;http://purl.bioontology.org/ontology/SNOMEDCT/443691000124100;http://purl.bioontology.org/ontology/SNOMEDCT/256350002
C000185|APPLE|http://purl.bioontology.org/ontology/SNOMEDCT/735215001
C000186|BUTTERMILK|http://purl.bioontology.org/ontology/SNOMEDCT/226769006
C000187|GRAPES|http://purl.bioontology.org/ontology/SNOMEDCT/256317002
C000188|POACHED EGG|http://purl.bioontology.org/ontology/SNOMEDCT/226884009
C000189|ASPARAGUS|http://purl.bioontology.org/ontology/SNOMEDCT/227218003
C000190|WHEAT FLOUR|http://purl.bioontology.org/ontology/SNOMEDCT/229944000;http://purl.bioontology.org/ontology/SNOMEDCT/412071004;http://purl.bioontology.org/ontology/SNOMEDCT/63766005
C000191|WAFFLE|http://purl.bioontology.org/ontology/SNOMEDCT/226719003
C000192|APPLE JUICE|http://purl.bioontology.org/ontology/SNOMEDCT/226491003;http://purl.bioontology.org/ontology/SNOMEDCT/129559002;http://purl.bioontology.org/ontology/SNOMEDCT/735215001
C000193|DRIED FRUIT|http://purl.bioontology.org/ontology/SNOMEDCT/72511004;http://purl.bioontology.org/ontology/SNOMEDCT/227449005
C000194|BUCKWHEAT|http://purl.bioontology.org/ontology/SNOMEDCT/226723006
C000195|PRUNES|http://purl.bioontology.org/ontology/SNOMEDCT/227462009
C000196|GHEE|http://purl.bioontology.org/ontology/SNOMEDCT/226901000
C000197|WHEAT BRAN|http://purl.bioontology.org/ontology/SNOMEDCT/412071004;http://purl.bioontology.org/ontology/SNOMEDCT/317451007;http://purl.bioontology.org/ontology/SNOMEDCT/412533000
C000198|BRAN|http://purl.bioontology.org/ontology/SNOMEDCT/391858005;http://purl.bioontology.org/ontology/SNOMEDCT/317451007
C000199|ORANGE JUICE|http://purl.bioontology.org/ontology/SNOMEDCT/226496008;http://purl.bioontology.org/ontology/SNOMEDCT/129559002
C000200|EGG YOLK|http://purl.bioontology.org/ontology/SNOMEDCT/256442007
C000201|EGG SUBSTITUTE|http://purl.bioontology.org/ontology/SNOMEDCT/444021000124105
C000202|PROCESSED CHEESE|http://purl.bioontology.org/ontology/SNOMEDCT/226846003;http://purl.bioontology.org/ontology/SNOMEDCT/102264005
C000203|CHEESE SAUCE|http://purl.bioontology.org/ontology/SNOMEDCT/227519005;http://purl.bioontology.org/ontology/SNOMEDCT/102264005;http://purl.bioontology.org/ontology/SNOMEDCT/227522007
C000204|MALT|http://purl.bioontology.org/ontology/SNOMEDCT/710180001
C000205|STRAWBERRIES|http://purl.bioontology.org/ontology/SNOMEDCT/102261002
C000206|RICOTTA CHEESE|http://purl.bioontology.org/ontology/SNOMEDCT/226853007;http://purl.bioontology.org/ontology/SNOMEDCT/102264005
C000207|SANDWICH|http://purl.bioontology.org/ontology/SNOMEDCT/735008002
C000208|FLAXSEED|http://purl.bioontology.org/ontology/SNOMEDCT/710178007
C000209|STRAWBERRY|http://purl.bioontology.org/ontology/SNOMEDCT/102261002
C000210|SCRAMBLED EGG|http://purl.bioontology.org/ontology/SNOMEDCT/226886006
C000211|SEMOLINA|http://purl.bioontology.org/ontology/SNOMEDCT/226732008
C000212|PORRIDGE|http://purl.bioontology.org/ontology/SNOMEDCT/226617008
C000213|CHERRIES|http://purl.bioontology.org/ontology/SNOMEDCT/735248001
C000214|GARAM MASALA|http://purl.bioontology.org/ontology/SNOMEDCT/227399005
C000215|TURMERIC|http://purl.bioontology.org/ontology/SNOMEDCT/227414003
C000216|GLUTEN-FREE FLOUR|http://purl.bioontology.org/ontology/SNOMEDCT/328685004;http://purl.bioontology.org/ontology/SNOMEDCT/63766005
C000217|SOY MILK|http://purl.bioontology.org/ontology/SNOMEDCT/70813002;http://purl.bioontology.org/ontology/SNOMEDCT/226793001
C000218|TOFU|http://purl.bioontology.org/ontology/SNOMEDCT/227365007
C000219|ROAST BEEF|http://purl.bioontology.org/ontology/SNOMEDCT/226925008;http://purl.bioontology.org/ontology/SNOMEDCT/226916002
C000220|COD|http://purl.bioontology.org/ontology/SNOMEDCT/735245003
C000221|RICE MILK|http://purl.bioontology.org/ontology/SNOMEDCT/70813002;http://purl.bioontology.org/ontology/SNOMEDCT/67324005;http://purl.bioontology.org/ontology/SNOMEDCT/443681000124103
C000222|SPELT|http://purl.bioontology.org/ontology/SNOMEDCT/443661000124108
C000223|TAPIOCA|http://purl.bioontology.org/ontology/SNOMEDCT/226733003
C000224|CHARD|http://purl.bioontology.org/ontology/SNOMEDCT/227236003
C000225|PEACH|http://purl.bioontology.org/ontology/SNOMEDCT/735049002
C000226|GRAPEFRUIT JUICE|http://purl.bioontology.org/ontology/SNOMEDCT/129559002;http://purl.bioontology.org/ontology/SNOMEDCT/256315005;http://purl.bioontology.org/ontology/SNOMEDCT/226493000
C000227|COCOA|http://purl.bioontology.org/ontology/SNOMEDCT/901000161107
C000228|RASPBERRIES|http://purl.bioontology.org/ontology/SNOMEDCT/227444000
C000229|CANTALOUPE|http://purl.bioontology.org/ontology/SNOMEDCT/412062008
C000230|GREEN TEA|http://purl.bioontology.org/ontology/SNOMEDCT/412194001;http://purl.bioontology.org/ontology/SNOMEDCT/16313001
C000231|DRINK|http://purl.bioontology.org/ontology/SNOMEDCT/230118003
C000232|WHITE CHOCOLATE|http://purl.bioontology.org/ontology/SNOMEDCT/227612008;http://purl.bioontology.org/ontology/SNOMEDCT/102262009
C000233|COFFEE|http://purl.bioontology.org/ontology/SNOMEDCT/29263009
C000234|GOUDA CHEESE|http://purl.bioontology.org/ontology/SNOMEDCT/226832003;http://purl.bioontology.org/ontology/SNOMEDCT/102264005
C000235|GRAPESEED OIL|http://purl.bioontology.org/ontology/SNOMEDCT/229932003
C000236|POTATO FLOUR|http://purl.bioontology.org/ontology/SNOMEDCT/735053000;http://purl.bioontology.org/ontology/SNOMEDCT/229943006;http://purl.bioontology.org/ontology/SNOMEDCT/63766005
C000237|MUESLI|http://purl.bioontology.org/ontology/SNOMEDCT/226611009
C000238|PINEAPPLE JUICE|http://purl.bioontology.org/ontology/SNOMEDCT/226497004;http://purl.bioontology.org/ontology/SNOMEDCT/129559002;http://purl.bioontology.org/ontology/SNOMEDCT/256313003
C000239|APRICOT|http://purl.bioontology.org/ontology/SNOMEDCT/735214002
C000240|ICE CREAM|http://purl.bioontology.org/ontology/SNOMEDCT/255621006;http://purl.bioontology.org/ontology/SNOMEDCT/227708009
C000241|CIDER|http://purl.bioontology.org/ontology/SNOMEDCT/226025006
C000242|MASHED POTATO|http://purl.bioontology.org/ontology/SNOMEDCT/735053000;http://purl.bioontology.org/ontology/SNOMEDCT/227294002
C000243|VODKA|http://purl.bioontology.org/ontology/SNOMEDCT/226064009
C000244|CLAM|http://purl.bioontology.org/ontology/SNOMEDCT/736030007
C000245|SKIM MILK|http://purl.bioontology.org/ontology/SNOMEDCT/70813002;http://purl.bioontology.org/ontology/SNOMEDCT/25743006
C000246|JAM|http://purl.bioontology.org/ontology/SNOMEDCT/227601008
C000247|CHEESECAKE|http://purl.bioontology.org/ontology/SNOMEDCT/226023004
C000248|CONDENSED MILK|http://purl.bioontology.org/ontology/SNOMEDCT/70813002;http://purl.bioontology.org/ontology/SNOMEDCT/226784002;http://purl.bioontology.org/ontology/SNOMEDCT/226787009
C000249|FRUIT JUICE|http://purl.bioontology.org/ontology/SNOMEDCT/129560007;http://purl.bioontology.org/ontology/SNOMEDCT/72511004;http://purl.bioontology.org/ontology/SNOMEDCT/129559002
C000250|BOURBON|http://purl.bioontology.org/ontology/SNOMEDCT/226018004
C000251|CANDY|http://purl.bioontology.org/ontology/SNOMEDCT/227607007
C000252|GRAHAM CRACKER|http://purl.bioontology.org/ontology/SNOMEDCT/226543002;http://purl.bioontology.org/ontology/SNOMEDCT/442721000124103
C000253|FIGS|http://purl.bioontology.org/ontology/SNOMEDCT/227425007
C000254|SAFFRON|http://purl.bioontology.org/ontology/SNOMEDCT/735010000
C000255|MARSHMALLOW|http://purl.bioontology.org/ontology/SNOMEDCT/229887001
C000256|WHITE RICE|http://purl.bioontology.org/ontology/SNOMEDCT/67324005;http://purl.bioontology.org/ontology/SNOMEDCT/226759000
C000257|EGGNOG|http://purl.bioontology.org/ontology/SNOMEDCT/442811000124102
C000258|RUM|http://purl.bioontology.org/ontology/SNOMEDCT/226054000
C000259|CHOCOLATE CAKE|http://purl.bioontology.org/ontology/SNOMEDCT/226647005;http://purl.bioontology.org/ontology/SNOMEDCT/102262009;http://purl.bioontology.org/ontology/SNOMEDCT/226639005
C000260|CUSTARD|http://purl.bioontology.org/ontology/SNOMEDCT/227689008
C000261|PRETZELS|http://purl.bioontology.org/ontology/SNOMEDCT/229908005
C000262|DARK CHOCOLATE|http://purl.bioontology.org/ontology/SNOMEDCT/443931000124105;http://purl.bioontology.org/ontology/SNOMEDCT/102262009
C000263|PEAR|http://purl.bioontology.org/ontology/SNOMEDCT/735050002
C000264|ICING|http://purl.bioontology.org/ontology/SNOMEDCT/229871004
C000265|CORN STARCH|http://purl.bioontology.org/ontology/SNOMEDCT/229936000;http://purl.bioontology.org/ontology/SNOMEDCT/412357001
C000266|BREAD PUDDING|http://purl.bioontology.org/ontology/SNOMEDCT/227686001;http://purl.bioontology.org/ontology/SNOMEDCT/226559002
C000267|RASPBERRY|http://purl.bioontology.org/ontology/SNOMEDCT/421013007
C000268|BLACKBERRIES|http://purl.bioontology.org/ontology/SNOMEDCT/227418000
C000269|BLACKBERRY|http://purl.bioontology.org/ontology/SNOMEDCT/227418000
C000270|MERINGUE|http://purl.bioontology.org/ontology/SNOMEDCT/444161000124100
C000271|CARROT|http://purl.bioontology.org/ontology/SNOMEDCT/256319004
C000272|PUFF PASTRY|http://purl.bioontology.org/ontology/SNOMEDCT/226749001;http://purl.bioontology.org/ontology/SNOMEDCT/226753004
C000273|MATZO|http://purl.bioontology.org/ontology/SNOMEDCT/226551004
C000274|TOFFEE|http://purl.bioontology.org/ontology/SNOMEDCT/227626004
C000275|PEPPERMINT|http://purl.bioontology.org/ontology/SNOMEDCT/227625000
C000276|DESSERT|http://purl.bioontology.org/ontology/SNOMEDCT/227682004
C000277|MACADAMIA NUTS|http://purl.bioontology.org/ontology/SNOMEDCT/227501001
C000278|CORNFLAKES|http://purl.bioontology.org/ontology/SNOMEDCT/226604005
C000279|MIXED NUTS|http://purl.bioontology.org/ontology/SNOMEDCT/227505005
C000280|GINGERBREAD|http://purl.bioontology.org/ontology/SNOMEDCT/226658001
C000281|CUSTARD POWDER|http://purl.bioontology.org/ontology/SNOMEDCT/229937009;http://purl.bioontology.org/ontology/SNOMEDCT/227689008
C000282|LEMON OIL|http://purl.bioontology.org/ontology/SNOMEDCT/57198007;http://purl.bioontology.org/ontology/SNOMEDCT/735340006;http://purl.bioontology.org/ontology/SNOMEDCT/411366000
C000283|LARD|http://purl.bioontology.org/ontology/SNOMEDCT/226899009
C000284|TEQUILA|http://purl.bioontology.org/ontology/SNOMEDCT/442581000124106
C000285|HAZELNUT|http://purl.bioontology.org/ontology/SNOMEDCT/256353000
C000286|MARTINI|http://purl.bioontology.org/ontology/SNOMEDCT/226040008
C000287|GIN|http://purl.bioontology.org/ontology/SNOMEDCT/226031009
C000288|LEMONADE|http://purl.bioontology.org/ontology/SNOMEDCT/226483007
C000289|BERRY|http://purl.bioontology.org/ontology/SNOMEDCT/63045006
C000290|TONIC WATER|http://purl.bioontology.org/ontology/SNOMEDCT/226486004
C000291|CRANBERRY|http://purl.bioontology.org/ontology/SNOMEDCT/227421003
C000292|RYE|http://purl.bioontology.org/ontology/SNOMEDCT/412068007
C000293|TOMATO JUICE|http://purl.bioontology.org/ontology/SNOMEDCT/226498009;http://purl.bioontology.org/ontology/SNOMEDCT/734881000;http://purl.bioontology.org/ontology/SNOMEDCT/129559002
C000294|PASSION FRUIT|http://purl.bioontology.org/ontology/SNOMEDCT/227438004;http://purl.bioontology.org/ontology/SNOMEDCT/72511004
C000295|MELON|http://purl.bioontology.org/ontology/SNOMEDCT/260177005
C000296|SPARKLING WHITE WINE|http://purl.bioontology.org/ontology/SNOMEDCT/67990004;http://purl.bioontology.org/ontology/SNOMEDCT/226519000
C000297|DRY WHITE WINE|http://purl.bioontology.org/ontology/SNOMEDCT/67990004;http://purl.bioontology.org/ontology/SNOMEDCT/226516007
C000298|BRANDY|http://purl.bioontology.org/ontology/SNOMEDCT/226019007
C000299|GRAPE JUICE|http://purl.bioontology.org/ontology/SNOMEDCT/129559002;http://purl.bioontology.org/ontology/SNOMEDCT/226492005
C000300|POMEGRANATE|http://purl.bioontology.org/ontology/SNOMEDCT/227441008
C000301|ROOT BEER|http://purl.bioontology.org/ontology/SNOMEDCT/412067002;http://purl.bioontology.org/ontology/SNOMEDCT/53410008
C000302|FLAXSEED OIL|http://purl.bioontology.org/ontology/SNOMEDCT/41573001;http://purl.bioontology.org/ontology/SNOMEDCT/710178007
C000303|WHISKY|http://purl.bioontology.org/ontology/SNOMEDCT/226528004
C000304|CLOVE|http://purl.bioontology.org/ontology/SNOMEDCT/227389000
C000305|HONEYDEW MELON|http://purl.bioontology.org/ontology/SNOMEDCT/260177005;http://purl.bioontology.org/ontology/SNOMEDCT/442531000124105
C000306|SHERBET|http://purl.bioontology.org/ontology/SNOMEDCT/227739006
C000307|PORT|http://purl.bioontology.org/ontology/SNOMEDCT/226047006
C000308|ENERGY DRINK|http://purl.bioontology.org/ontology/SNOMEDCT/444051000124101;http://purl.bioontology.org/ontology/SNOMEDCT/230118003
C000309|MACE|http://purl.bioontology.org/ontology/SNOMEDCT/227404007
C000310|SQUASH|http://purl.bioontology.org/ontology/SNOMEDCT/412065005
C000311|CELERY SEED|http://purl.bioontology.org/ontology/SNOMEDCT/256326004;http://purl.bioontology.org/ontology/SNOMEDCT/227383004
C000312|FRIED CHICKEN|http://purl.bioontology.org/ontology/SNOMEDCT/226957009;http://purl.bioontology.org/ontology/SNOMEDCT/226955001
C000313|ROAST CHICKEN|http://purl.bioontology.org/ontology/SNOMEDCT/226961003;http://purl.bioontology.org/ontology/SNOMEDCT/226955001
C000314|GRAVY MIX|http://purl.bioontology.org/ontology/SNOMEDCT/227556001
C000315|GREEN BEAN|http://purl.bioontology.org/ontology/SNOMEDCT/256354006;http://purl.bioontology.org/ontology/SNOMEDCT/256318007
C000316|MEAT TENDERIZER|http://purl.bioontology.org/ontology/SNOMEDCT/28647000;http://purl.bioontology.org/ontology/SNOMEDCT/442821000124105
C000317|BROWN RICE|http://purl.bioontology.org/ontology/SNOMEDCT/67324005;http://purl.bioontology.org/ontology/SNOMEDCT/226756007
C000318|CAPER|http://purl.bioontology.org/ontology/SNOMEDCT/444461000124108
C000319|BARBECUE SAUCE|http://purl.bioontology.org/ontology/SNOMEDCT/227527001;http://purl.bioontology.org/ontology/SNOMEDCT/227519005
C000320|MUSSELS|http://purl.bioontology.org/ontology/SNOMEDCT/227150003
C000321|SNOW PEA|http://purl.bioontology.org/ontology/SNOMEDCT/442851000124101
C000322|KIDNEY BEANS|http://purl.bioontology.org/ontology/SNOMEDCT/227362005
C000323|BUTTER BEANS|http://purl.bioontology.org/ontology/SNOMEDCT/226888007;http://purl.bioontology.org/ontology/SNOMEDCT/227345000
C000324|BAKED BEANS|http://purl.bioontology.org/ontology/SNOMEDCT/227315003
C000325|LENTILS|http://purl.bioontology.org/ontology/SNOMEDCT/227350006
C000326|VEAL|http://purl.bioontology.org/ontology/SNOMEDCT/226952003
C000327|GORGONZOLA CHEESE|http://purl.bioontology.org/ontology/SNOMEDCT/710041006;http://purl.bioontology.org/ontology/SNOMEDCT/102264005
C000328|LIMA BEANS|http://purl.bioontology.org/ontology/SNOMEDCT/412056003
C000329|COUSCOUS|http://purl.bioontology.org/ontology/SNOMEDCT/227754000
C000330|MAHI MAHI|http://purl.bioontology.org/ontology/SNOMEDCT/444141000124104
C000331|AMERICAN CHEESE|http://purl.bioontology.org/ontology/SNOMEDCT/443971000124108;http://purl.bioontology.org/ontology/SNOMEDCT/102264005
C000332|RUTABAGA|http://purl.bioontology.org/ontology/SNOMEDCT/227266005
C000333|SOFT CHEESE|http://purl.bioontology.org/ontology/SNOMEDCT/226848002;http://purl.bioontology.org/ontology/SNOMEDCT/102264005
C000334|LOBSTER|http://purl.bioontology.org/ontology/SNOMEDCT/736162008
C000335|PIMENTO|http://purl.bioontology.org/ontology/SNOMEDCT/442701000124108
C000336|SALAMI|http://purl.bioontology.org/ontology/SNOMEDCT/227018006
C000337|GRUYERE CHEESE|http://purl.bioontology.org/ontology/SNOMEDCT/226834002;http://purl.bioontology.org/ontology/SNOMEDCT/102264005
C000338|CREAMY SALAD DRESSING|http://purl.bioontology.org/ontology/SNOMEDCT/227545001;http://purl.bioontology.org/ontology/SNOMEDCT/227551006
C000339|WATER CHESTNUT|http://purl.bioontology.org/ontology/SNOMEDCT/260188004;http://purl.bioontology.org/ontology/SNOMEDCT/227276008
C000340|STUFFING MIX|http://purl.bioontology.org/ontology/SNOMEDCT/227762008
C000341|RASPBERRY EXTRACT|http://purl.bioontology.org/ontology/SNOMEDCT/421013007;http://purl.bioontology.org/ontology/SNOMEDCT/412289008
C000342|VENISON|http://purl.bioontology.org/ontology/SNOMEDCT/442561000124101
C000343|DAB|http://purl.bioontology.org/ontology/SNOMEDCT/227058008
C000344|EGG NOODLES|http://purl.bioontology.org/ontology/SNOMEDCT/226735005;http://purl.bioontology.org/ontology/SNOMEDCT/226736006
C000345|MARJORAM|http://purl.bioontology.org/ontology/SNOMEDCT/227405008
C000346|ALMOND OIL|http://purl.bioontology.org/ontology/SNOMEDCT/256350002;http://purl.bioontology.org/ontology/SNOMEDCT/391737006;http://purl.bioontology.org/ontology/SNOMEDCT/420316002
C000347|GROUND GINGER|http://purl.bioontology.org/ontology/SNOMEDCT/227400003;http://purl.bioontology.org/ontology/SNOMEDCT/227401004
C000348|POULTRY|http://purl.bioontology.org/ontology/SNOMEDCT/28230009
C000349|RYE BREAD|http://purl.bioontology.org/ontology/SNOMEDCT/226559002;http://purl.bioontology.org/ontology/SNOMEDCT/412068007;http://purl.bioontology.org/ontology/SNOMEDCT/226584004
C000350|BLACK OLIVE|http://purl.bioontology.org/ontology/SNOMEDCT/891000161106
C000351|JICAMA|http://purl.bioontology.org/ontology/SNOMEDCT/443741000124103
C000352|CHESTNUT|http://purl.bioontology.org/ontology/SNOMEDCT/260188004
C000353|POPPY SEED|http://purl.bioontology.org/ontology/SNOMEDCT/227409002
C000354|SHORTBREAD|http://purl.bioontology.org/ontology/SNOMEDCT/226715009
C000355|SCALLOP|http://purl.bioontology.org/ontology/SNOMEDCT/736027000
C000356|CANNED BEANS|http://purl.bioontology.org/ontology/SNOMEDCT/227314004
C000357|BUTTERNUT|http://purl.bioontology.org/ontology/SNOMEDCT/442321000124102
C000358|BURGER|http://purl.bioontology.org/ontology/SNOMEDCT/227004004
C000359|POTATO SALAD|http://purl.bioontology.org/ontology/SNOMEDCT/227927005;http://purl.bioontology.org/ontology/SNOMEDCT/735053000;http://purl.bioontology.org/ontology/SNOMEDCT/227940000
C000360|WHITE BREAD|http://purl.bioontology.org/ontology/SNOMEDCT/226559002;http://purl.bioontology.org/ontology/SNOMEDCT/226590000
C000361|TANGERINE|http://purl.bioontology.org/ontology/SNOMEDCT/256316006
C000362|ANCHOVY|http://purl.bioontology.org/ontology/SNOMEDCT/735337006
C000363|PINTO BEANS|http://purl.bioontology.org/ontology/SNOMEDCT/227360002
C000364|STOUT|http://purl.bioontology.org/ontology/SNOMEDCT/226507008
C000365|SMOKED SALMON|http://purl.bioontology.org/ontology/SNOMEDCT/735009005;http://purl.bioontology.org/ontology/SNOMEDCT/227134006
C000366|PLUM|http://purl.bioontology.org/ontology/SNOMEDCT/735051003
C000367|CORN SNACKS|http://purl.bioontology.org/ontology/SNOMEDCT/227587004;http://purl.bioontology.org/ontology/SNOMEDCT/412357001
C000368|GRITS|http://purl.bioontology.org/ontology/SNOMEDCT/442541000124100
C000369|TAHINI PASTE|http://purl.bioontology.org/ontology/SNOMEDCT/227516003
C000370|RAVIOLI|http://purl.bioontology.org/ontology/SNOMEDCT/226743000
C000371|MANGO CHUTNEY|http://purl.bioontology.org/ontology/SNOMEDCT/227543008;http://purl.bioontology.org/ontology/SNOMEDCT/227541005
C000372|CHUTNEY|http://purl.bioontology.org/ontology/SNOMEDCT/227541005
C000373|MILK CHOCOLATE|http://purl.bioontology.org/ontology/SNOMEDCT/70813002;http://purl.bioontology.org/ontology/SNOMEDCT/227610000;http://purl.bioontology.org/ontology/SNOMEDCT/102262009
C000374|MARMALADE|http://purl.bioontology.org/ontology/SNOMEDCT/227604000
C000375|HOMINY|http://purl.bioontology.org/ontology/SNOMEDCT/229939007
C000376|FINGER FOOD|http://purl.bioontology.org/ontology/SNOMEDCT/228016008
C000377|CARAWAY SEED|http://purl.bioontology.org/ontology/SNOMEDCT/227381002
C000378|RYE FLOUR|http://purl.bioontology.org/ontology/SNOMEDCT/229940009;http://purl.bioontology.org/ontology/SNOMEDCT/412068007;http://purl.bioontology.org/ontology/SNOMEDCT/63766005
C000379|PRAWNS|http://purl.bioontology.org/ontology/SNOMEDCT/227151004
C000380|DUMPLING|http://purl.bioontology.org/ontology/SNOMEDCT/227755004
C000381|ENDIVE|http://purl.bioontology.org/ontology/SNOMEDCT/726758002
C000382|PLANTAIN|http://purl.bioontology.org/ontology/SNOMEDCT/227259009
C000383|TEMPEH|http://purl.bioontology.org/ontology/SNOMEDCT/227364006
C000384|ARUGULA|http://purl.bioontology.org/ontology/SNOMEDCT/442591000124109
C000385|SESAME SEED|http://purl.bioontology.org/ontology/SNOMEDCT/260167008
C000386|FRESH FRUIT|http://purl.bioontology.org/ontology/SNOMEDCT/72511004;http://purl.bioontology.org/ontology/SNOMEDCT/227416001
C000387|SWORDFISH|http://purl.bioontology.org/ontology/SNOMEDCT/726731009
C000388|GREEK YOGURT|http://purl.bioontology.org/ontology/SNOMEDCT/226863004;http://purl.bioontology.org/ontology/SNOMEDCT/226878006
C000389|MUSTARD SEED|http://purl.bioontology.org/ontology/SNOMEDCT/51905005;http://purl.bioontology.org/ontology/SNOMEDCT/227406009
C000390|COCONUT CREAM|http://purl.bioontology.org/ontology/SNOMEDCT/735211005;http://purl.bioontology.org/ontology/SNOMEDCT/255621006;http://purl.bioontology.org/ontology/SNOMEDCT/227499009
C000391|BRUSSELS SPROUTS|http://purl.bioontology.org/ontology/SNOMEDCT/735122004
C000392|EGG PRODUCT|http://purl.bioontology.org/ontology/SNOMEDCT/414074006
C000393|FENNEL|http://purl.bioontology.org/ontology/SNOMEDCT/227396003
C000394|PILAF|http://purl.bioontology.org/ontology/SNOMEDCT/227907009
C000395|FRENCH DRESSING|http://purl.bioontology.org/ontology/SNOMEDCT/227546000
C000396|ROQUEFORT CHEESE|http://purl.bioontology.org/ontology/SNOMEDCT/102264005;http://purl.bioontology.org/ontology/SNOMEDCT/226840009
C000397|CORN OIL|http://purl.bioontology.org/ontology/SNOMEDCT/735247006;http://purl.bioontology.org/ontology/SNOMEDCT/17558001;http://purl.bioontology.org/ontology/SNOMEDCT/412357001
C000398|PRALINE|http://purl.bioontology.org/ontology/SNOMEDCT/444111000124103
C000399|CUMIN SEED|http://purl.bioontology.org/ontology/SNOMEDCT/227392001
C000400|VEGETABLE JUICE|http://purl.bioontology.org/ontology/SNOMEDCT/22836000;http://purl.bioontology.org/ontology/SNOMEDCT/129559002;http://purl.bioontology.org/ontology/SNOMEDCT/129561006
C000401|LIVER SAUSAGE|http://purl.bioontology.org/ontology/SNOMEDCT/227029005;http://purl.bioontology.org/ontology/SNOMEDCT/227020009
C000402|MOUSSE|http://purl.bioontology.org/ontology/SNOMEDCT/227734001
C000403|CURRANTS|http://purl.bioontology.org/ontology/SNOMEDCT/227453007
C000404|RADISH|http://purl.bioontology.org/ontology/SNOMEDCT/256325000
C000405|PINE NUT|http://purl.bioontology.org/ontology/SNOMEDCT/13577000;http://purl.bioontology.org/ontology/SNOMEDCT/227511008
C000406|VINAIGRETTE|http://purl.bioontology.org/ontology/SNOMEDCT/443941000124100
C000407|RISOTTO|http://purl.bioontology.org/ontology/SNOMEDCT/227759005
C000408|LEEK|http://purl.bioontology.org/ontology/SNOMEDCT/726755004
C000409|CHICKEN ROLL|http://purl.bioontology.org/ontology/SNOMEDCT/226955001;http://purl.bioontology.org/ontology/SNOMEDCT/227032008
C000410|SAUSAGE ROLL|http://purl.bioontology.org/ontology/SNOMEDCT/227020009;http://purl.bioontology.org/ontology/SNOMEDCT/227677006
C000411|SEV|http://purl.bioontology.org/ontology/SNOMEDCT/229910007
C000412|DRINKS|http://purl.bioontology.org/ontology/SNOMEDCT/226465004
C000413|FLAVORED CHEESE SPREAD|http://purl.bioontology.org/ontology/SNOMEDCT/226811006;http://purl.bioontology.org/ontology/SNOMEDCT/226809002
C000414|DRY SHERRY|http://purl.bioontology.org/ontology/SNOMEDCT/226522003;http://purl.bioontology.org/ontology/SNOMEDCT/226057007
C000415|CAVIAR|http://purl.bioontology.org/ontology/SNOMEDCT/911000161109
C000416|TROUT|http://purl.bioontology.org/ontology/SNOMEDCT/735034005
C000417|BLACK-EYED PEA|http://purl.bioontology.org/ontology/SNOMEDCT/227343007
C000418|SAFFLOWER OIL|http://purl.bioontology.org/ontology/SNOMEDCT/54041009;http://purl.bioontology.org/ontology/SNOMEDCT/411316006
C000419|TURNIP|http://purl.bioontology.org/ontology/SNOMEDCT/227275007
C000420|FENNEL SEED|http://purl.bioontology.org/ontology/SNOMEDCT/227396003;http://purl.bioontology.org/ontology/SNOMEDCT/227397007
C000421|QUINCE|http://purl.bioontology.org/ontology/SNOMEDCT/227443006
C000422|HORSERADISH SAUCE|http://purl.bioontology.org/ontology/SNOMEDCT/227519005;http://purl.bioontology.org/ontology/SNOMEDCT/227533005;http://purl.bioontology.org/ontology/SNOMEDCT/735040003
C000423|TAMARI|http://purl.bioontology.org/ontology/SNOMEDCT/443631000124104
C000424|SNOW PEA POD|http://purl.bioontology.org/ontology/SNOMEDCT/442851000124101
C000425|SALTED PEANUTS|http://purl.bioontology.org/ontology/SNOMEDCT/227510009
C000426|DARK CORN SYRUP|http://purl.bioontology.org/ontology/SNOMEDCT/229863003;http://purl.bioontology.org/ontology/SNOMEDCT/412064009
C000427|LUNCHEON MEAT|http://purl.bioontology.org/ontology/SNOMEDCT/28647000;http://purl.bioontology.org/ontology/SNOMEDCT/227036006
C000428|CURRANT|http://purl.bioontology.org/ontology/SNOMEDCT/227453007
C000429|TURKEY SAUSAGE|http://purl.bioontology.org/ontology/SNOMEDCT/227020009;http://purl.bioontology.org/ontology/SNOMEDCT/227027007
C000430|SQUID|http://purl.bioontology.org/ontology/SNOMEDCT/735006003
C000431|SHOYU|http://purl.bioontology.org/ontology/SNOMEDCT/443791000124107
C000432|OKRA|http://purl.bioontology.org/ontology/SNOMEDCT/227254004
C000433|MUSCOVADO SUGAR|http://purl.bioontology.org/ontology/SNOMEDCT/280990009
C000434|TAMARIND|http://purl.bioontology.org/ontology/SNOMEDCT/226061001
C000435|SUNFLOWER SEED|http://purl.bioontology.org/ontology/SNOMEDCT/260205009
C000436|HOT CEREAL|http://purl.bioontology.org/ontology/SNOMEDCT/226617008;http://purl.bioontology.org/ontology/SNOMEDCT/23182003
C000437|DRIPPING|http://purl.bioontology.org/ontology/SNOMEDCT/226898001
C000438|BARLEY|http://purl.bioontology.org/ontology/SNOMEDCT/735124003
C000439|HADDOCK|http://purl.bioontology.org/ontology/SNOMEDCT/735033004
C000440|BLACK PUDDING|http://purl.bioontology.org/ontology/SNOMEDCT/227010004
C000441|GRAPEFRUIT|http://purl.bioontology.org/ontology/SNOMEDCT/256315005
C000442|FRIED EGG|http://purl.bioontology.org/ontology/SNOMEDCT/226883003
C000443|NECTARINE|http://purl.bioontology.org/ontology/SNOMEDCT/227435001
C000444|WHITE FLOUR|http://purl.bioontology.org/ontology/SNOMEDCT/229951009;http://purl.bioontology.org/ontology/SNOMEDCT/63766005
C000445|TZATZIKI|http://purl.bioontology.org/ontology/SNOMEDCT/227637003
C000446|OMELETTE|http://purl.bioontology.org/ontology/SNOMEDCT/227639000
C000447|ARROWROOT|http://purl.bioontology.org/ontology/SNOMEDCT/226720009
C000448|FRANKFURTER|http://purl.bioontology.org/ontology/SNOMEDCT/227021008
C000449|CHOCOLATE SPREAD|http://purl.bioontology.org/ontology/SNOMEDCT/102262009;http://purl.bioontology.org/ontology/SNOMEDCT/229861001
C000450|CHOCOLATE MILK|http://purl.bioontology.org/ontology/SNOMEDCT/70813002;http://purl.bioontology.org/ontology/SNOMEDCT/102262009;http://purl.bioontology.org/ontology/SNOMEDCT/46329000
C000451|SOY FLOUR|http://purl.bioontology.org/ontology/SNOMEDCT/229941008;http://purl.bioontology.org/ontology/SNOMEDCT/63766005
C000452|MILLET FLOUR|http://purl.bioontology.org/ontology/SNOMEDCT/229942001;http://purl.bioontology.org/ontology/SNOMEDCT/63766005
C000453|BUTTERMILK POWDER|http://purl.bioontology.org/ontology/SNOMEDCT/226769006;http://purl.bioontology.org/ontology/SNOMEDCT/226774003
C000454|MISO|http://purl.bioontology.org/ontology/SNOMEDCT/227354002
C000455|WHOLE MILK|http://purl.bioontology.org/ontology/SNOMEDCT/70813002;http://purl.bioontology.org/ontology/SNOMEDCT/226767008
C000456|MACARONI|http://purl.bioontology.org/ontology/SNOMEDCT/226742005
C000457|FARRO|http://purl.bioontology.org/ontology/SNOMEDCT/443811000124106
C000458|TOMATO CHUTNEY|http://purl.bioontology.org/ontology/SNOMEDCT/227541005;http://purl.bioontology.org/ontology/SNOMEDCT/734881000;http://purl.bioontology.org/ontology/SNOMEDCT/227544002
C000459|ONION SAUCE|http://purl.bioontology.org/ontology/SNOMEDCT/735047000;http://purl.bioontology.org/ontology/SNOMEDCT/227519005;http://purl.bioontology.org/ontology/SNOMEDCT/227524008
C000460|QUARK|http://purl.bioontology.org/ontology/SNOMEDCT/226862009
C000461|FUDGE|http://purl.bioontology.org/ontology/SNOMEDCT/229885009
C000462|SARDINE|http://purl.bioontology.org/ontology/SNOMEDCT/227136008
C000463|FRENCH FRIES|http://purl.bioontology.org/ontology/SNOMEDCT/227282006
C000464|SCONE|http://purl.bioontology.org/ontology/SNOMEDCT/226707006
C000465|SORBET|http://purl.bioontology.org/ontology/SNOMEDCT/227739006
C000466|COURGETTE|http://purl.bioontology.org/ontology/SNOMEDCT/227239005
C000467|WALNUT OIL|http://purl.bioontology.org/ontology/SNOMEDCT/229929001
C000468|MACADAMIA NUT|http://purl.bioontology.org/ontology/SNOMEDCT/13577000;http://purl.bioontology.org/ontology/SNOMEDCT/227501001
C000469|CURRY SAUCE|http://purl.bioontology.org/ontology/SNOMEDCT/227519005;http://purl.bioontology.org/ontology/SNOMEDCT/227532000
C000470|WHEY|http://purl.bioontology.org/ontology/SNOMEDCT/226770007
C000471|RAW EGG|http://purl.bioontology.org/ontology/SNOMEDCT/226885005
C000472|HEMP SEED|http://purl.bioontology.org/ontology/SNOMEDCT/442831000124108
C000473|JACKFRUIT|http://purl.bioontology.org/ontology/SNOMEDCT/227247005
C000474|TOMATO PUREE|http://purl.bioontology.org/ontology/SNOMEDCT/227274006;http://purl.bioontology.org/ontology/SNOMEDCT/734881000
C000475|HEMP MILK|http://purl.bioontology.org/ontology/SNOMEDCT/70813002;http://purl.bioontology.org/ontology/SNOMEDCT/442841000124103
C000476|KIWI FRUIT|http://purl.bioontology.org/ontology/SNOMEDCT/72511004;http://purl.bioontology.org/ontology/SNOMEDCT/260176001
C000477|SUNFLOWER OIL|http://purl.bioontology.org/ontology/SNOMEDCT/328568007
C000478|CANNED FRUIT|http://purl.bioontology.org/ontology/SNOMEDCT/72511004;http://purl.bioontology.org/ontology/SNOMEDCT/227465006
C000479|BOILED EGG|http://purl.bioontology.org/ontology/SNOMEDCT/226882008
C000480|ARTIFICIAL SWEETENER|http://purl.bioontology.org/ontology/SNOMEDCT/116274004
C000481|DOUGHNUT|http://purl.bioontology.org/ontology/SNOMEDCT/226686009
C000482|MINCEMEAT|http://purl.bioontology.org/ontology/SNOMEDCT/227605004
C000483|TRIFLE|http://purl.bioontology.org/ontology/SNOMEDCT/227747006
C000484|PEPPERMINT OIL|http://purl.bioontology.org/ontology/SNOMEDCT/52283007;http://purl.bioontology.org/ontology/SNOMEDCT/227625000;http://purl.bioontology.org/ontology/SNOMEDCT/317164001
C000485|EGG CUSTARD|http://purl.bioontology.org/ontology/SNOMEDCT/227689008;http://purl.bioontology.org/ontology/SNOMEDCT/227696005
C000486|CHOCOLATE MOUSSE|http://purl.bioontology.org/ontology/SNOMEDCT/102262009;http://purl.bioontology.org/ontology/SNOMEDCT/227735000;http://purl.bioontology.org/ontology/SNOMEDCT/227734001
C000487|CHOCOLATE CANDY|http://purl.bioontology.org/ontology/SNOMEDCT/227607007;http://purl.bioontology.org/ontology/SNOMEDCT/102262009;http://purl.bioontology.org/ontology/SNOMEDCT/227608002
C000488|SHARK|http://purl.bioontology.org/ontology/SNOMEDCT/227101009
C000489|GOLDEN SYRUP|http://purl.bioontology.org/ontology/SNOMEDCT/229862008;http://purl.bioontology.org/ontology/SNOMEDCT/229864009
C000490|LEMONGRASS|http://purl.bioontology.org/ontology/SNOMEDCT/821000161108
C000491|NOUGAT|http://purl.bioontology.org/ontology/SNOMEDCT/229888006
C000492|TURKISH DELIGHT|http://purl.bioontology.org/ontology/SNOMEDCT/227627008
C000493|CASSAVA|http://purl.bioontology.org/ontology/SNOMEDCT/227234000
C000494|ICING SUGAR|http://purl.bioontology.org/ontology/SNOMEDCT/229871004;http://purl.bioontology.org/ontology/SNOMEDCT/230054001
C000495|POPSICLE|http://purl.bioontology.org/ontology/SNOMEDCT/443951000124103
C000496|PUMPKIN SEED|http://purl.bioontology.org/ontology/SNOMEDCT/227260004;http://purl.bioontology.org/ontology/SNOMEDCT/227514000
C000497|BLACK TEA|http://purl.bioontology.org/ontology/SNOMEDCT/16313001;http://purl.bioontology.org/ontology/SNOMEDCT/226476000
C000498|FRUIT SPREAD|http://purl.bioontology.org/ontology/SNOMEDCT/72511004;http://purl.bioontology.org/ontology/SNOMEDCT/229866006
C000499|BABY FOOD|http://purl.bioontology.org/ontology/SNOMEDCT/227983006
C000500|LEMON CURD|http://purl.bioontology.org/ontology/SNOMEDCT/735340006;http://purl.bioontology.org/ontology/SNOMEDCT/227603006
C000501|ORANGE OIL|http://purl.bioontology.org/ontology/SNOMEDCT/47677002;http://purl.bioontology.org/ontology/SNOMEDCT/411373005
C000502|SUET|http://purl.bioontology.org/ontology/SNOMEDCT/226900004
C000503|HALWA|http://purl.bioontology.org/ontology/SNOMEDCT/226695001
C000504|YAM|http://purl.bioontology.org/ontology/SNOMEDCT/726730005
C000505|MUNG BEANS|http://purl.bioontology.org/ontology/SNOMEDCT/227355001
C000506|CITRUS JUICE|http://purl.bioontology.org/ontology/SNOMEDCT/456771000124101;http://purl.bioontology.org/ontology/SNOMEDCT/129559002
C000507|CHICK PEA FLOUR|http://purl.bioontology.org/ontology/SNOMEDCT/229934002;http://purl.bioontology.org/ontology/SNOMEDCT/63766005
C000508|GUAVA|http://purl.bioontology.org/ontology/SNOMEDCT/227429001
C000509|SAGO|http://purl.bioontology.org/ontology/SNOMEDCT/226731001
C000510|ANISE OIL|http://purl.bioontology.org/ontology/SNOMEDCT/57720001;http://purl.bioontology.org/ontology/SNOMEDCT/420343007
C000511|LICORICE CANDY|http://purl.bioontology.org/ontology/SNOMEDCT/227607007;http://purl.bioontology.org/ontology/SNOMEDCT/227623007
C000512|CRUNCHY PEANUT BUTTER|http://purl.bioontology.org/ontology/SNOMEDCT/227508007;http://purl.bioontology.org/ontology/SNOMEDCT/102260001
C000513|ROYAL ICING|http://purl.bioontology.org/ontology/SNOMEDCT/229871004;http://purl.bioontology.org/ontology/SNOMEDCT/229875008
C000514|DOUBLE CREAM|http://purl.bioontology.org/ontology/SNOMEDCT/226798005;http://purl.bioontology.org/ontology/SNOMEDCT/255621006
C000515|MULBERRIES|http://purl.bioontology.org/ontology/SNOMEDCT/227434002
C000516|ELDERBERRIES|http://purl.bioontology.org/ontology/SNOMEDCT/227424006
C000517|CLEMENTINE|http://purl.bioontology.org/ontology/SNOMEDCT/227420002
C000518|TRAIL MIX|http://purl.bioontology.org/ontology/SNOMEDCT/226062008
C000519|CAROB|http://purl.bioontology.org/ontology/SNOMEDCT/420737008
C000520|KUMQUAT|http://purl.bioontology.org/ontology/SNOMEDCT/227431005
C000521|DRIED MIXED FRUIT|http://purl.bioontology.org/ontology/SNOMEDCT/72511004;http://purl.bioontology.org/ontology/SNOMEDCT/227456004
C000522|BUTTER ICING|http://purl.bioontology.org/ontology/SNOMEDCT/226888007;http://purl.bioontology.org/ontology/SNOMEDCT/229871004;http://purl.bioontology.org/ontology/SNOMEDCT/229872006
C000523|GOOSEBERRIES|http://purl.bioontology.org/ontology/SNOMEDCT/227427004
C000524|SMOOTH PEANUT BUTTER|http://purl.bioontology.org/ontology/SNOMEDCT/102260001;http://purl.bioontology.org/ontology/SNOMEDCT/227507002
C000525|DRIED PINEAPPLE|http://purl.bioontology.org/ontology/SNOMEDCT/256313003;http://purl.bioontology.org/ontology/SNOMEDCT/227460001
C000526|GOAT'S MILK|http://purl.bioontology.org/ontology/SNOMEDCT/70813002;http://purl.bioontology.org/ontology/SNOMEDCT/83595008
C000527|SULTANAS|http://purl.bioontology.org/ontology/SNOMEDCT/227464005
C000528|CINNAMON OIL|http://purl.bioontology.org/ontology/SNOMEDCT/227388008;http://purl.bioontology.org/ontology/SNOMEDCT/68379000
C000529|FLAPJACK|http://purl.bioontology.org/ontology/SNOMEDCT/226692003
C000530|DIGESTIVE BISCUIT|http://purl.bioontology.org/ontology/SNOMEDCT/226548006
C000531|POMELO|http://purl.bioontology.org/ontology/SNOMEDCT/227442001
C000532|LYCHEE|http://purl.bioontology.org/ontology/SNOMEDCT/227433008
C000533|TARO|http://purl.bioontology.org/ontology/SNOMEDCT/227272005
C000534|DRIED BANANA|http://purl.bioontology.org/ontology/SNOMEDCT/227450005;http://purl.bioontology.org/ontology/SNOMEDCT/256307007
C000535|PARSNIP|http://purl.bioontology.org/ontology/SNOMEDCT/726753006
C000536|COOKED FRUIT|http://purl.bioontology.org/ontology/SNOMEDCT/444031000124108;http://purl.bioontology.org/ontology/SNOMEDCT/72511004
C000537|DRY FOOD|http://purl.bioontology.org/ontology/SNOMEDCT/228009007
C000538|FRUIT CAKE|http://purl.bioontology.org/ontology/SNOMEDCT/226639005;http://purl.bioontology.org/ontology/SNOMEDCT/72511004;http://purl.bioontology.org/ontology/SNOMEDCT/226652000
C000539|PEPPERMINT CREAM|http://purl.bioontology.org/ontology/SNOMEDCT/229890007;http://purl.bioontology.org/ontology/SNOMEDCT/227625000
C000540|GELATO|http://purl.bioontology.org/ontology/SNOMEDCT/443881000124104
C000541|FRESH COCONUT|http://purl.bioontology.org/ontology/SNOMEDCT/227496002;http://purl.bioontology.org/ontology/SNOMEDCT/735211005
C000542|CHOCOLATE COVERED CARAMEL|http://purl.bioontology.org/ontology/SNOMEDCT/229877000;http://purl.bioontology.org/ontology/SNOMEDCT/102262009
C000543|FRUIT PIE|http://purl.bioontology.org/ontology/SNOMEDCT/72511004;http://purl.bioontology.org/ontology/SNOMEDCT/227702005
C000544|TAPIOCA PUDDING|http://purl.bioontology.org/ontology/SNOMEDCT/442731000124100;http://purl.bioontology.org/ontology/SNOMEDCT/226733003
C000545|DESICCATED COCONUT|http://purl.bioontology.org/ontology/SNOMEDCT/735211005;http://purl.bioontology.org/ontology/SNOMEDCT/227498001
C000546|GLACE CHERRY|http://purl.bioontology.org/ontology/SNOMEDCT/227461002;http://purl.bioontology.org/ontology/SNOMEDCT/735248001
C000547|COLA DRINK|http://purl.bioontology.org/ontology/SNOMEDCT/226481009;http://purl.bioontology.org/ontology/SNOMEDCT/230118003
C000548|GOOSEBERRY|http://purl.bioontology.org/ontology/SNOMEDCT/227427004
C000549|PEANUT BRITTLE|http://purl.bioontology.org/ontology/SNOMEDCT/229889003;http://purl.bioontology.org/ontology/SNOMEDCT/762952008
C000550|SHORTCRUST PASTRY|http://purl.bioontology.org/ontology/SNOMEDCT/226749001;http://purl.bioontology.org/ontology/SNOMEDCT/226754005
C000551|BREAKFAST CEREAL|http://purl.bioontology.org/ontology/SNOMEDCT/23182003;http://purl.bioontology.org/ontology/SNOMEDCT/226598007
C000552|DRIED APRICOT|http://purl.bioontology.org/ontology/SNOMEDCT/227452002;http://purl.bioontology.org/ontology/SNOMEDCT/735214002
C000553|HALVA|http://purl.bioontology.org/ontology/SNOMEDCT/229893009
C000554|NUTS AND SEEDS|http://purl.bioontology.org/ontology/SNOMEDCT/230034002
C000555|SPONGE CAKE|http://purl.bioontology.org/ontology/SNOMEDCT/226663002;http://purl.bioontology.org/ontology/SNOMEDCT/226639005
C000556|COFFEE WITH MILK|http://purl.bioontology.org/ontology/SNOMEDCT/70813002;http://purl.bioontology.org/ontology/SNOMEDCT/226470006;http://purl.bioontology.org/ontology/SNOMEDCT/29263009
C000557|SNAIL|http://purl.bioontology.org/ontology/SNOMEDCT/457131000124102
C000558|NON-DAIRY CREAMER|http://purl.bioontology.org/ontology/SNOMEDCT/442711000124106
C000559|ELDERBERRY|http://purl.bioontology.org/ontology/SNOMEDCT/227424006
C000560|JAM SANDWICH|http://purl.bioontology.org/ontology/SNOMEDCT/227601008;http://purl.bioontology.org/ontology/SNOMEDCT/229926008;http://purl.bioontology.org/ontology/SNOMEDCT/735008002
C000561|BRANDY SNAP|http://purl.bioontology.org/ontology/SNOMEDCT/226677004;http://purl.bioontology.org/ontology/SNOMEDCT/226019007
C000562|FROZEN MOUSSE|http://purl.bioontology.org/ontology/SNOMEDCT/227737008;http://purl.bioontology.org/ontology/SNOMEDCT/227734001
C000563|ROSE WINE|http://purl.bioontology.org/ontology/SNOMEDCT/226053006;http://purl.bioontology.org/ontology/SNOMEDCT/35748005
C000564|ABSINTHE|http://purl.bioontology.org/ontology/SNOMEDCT/311455009
C000565|SPORTS DRINK|http://purl.bioontology.org/ontology/SNOMEDCT/230118003;http://purl.bioontology.org/ontology/SNOMEDCT/226499001
C000566|NUTMEG OIL|http://purl.bioontology.org/ontology/SNOMEDCT/411370008;http://purl.bioontology.org/ontology/SNOMEDCT/65592004;http://purl.bioontology.org/ontology/SNOMEDCT/735046009
C000567|PALE ALE|http://purl.bioontology.org/ontology/SNOMEDCT/226501009
C000568|SOURSOP|http://purl.bioontology.org/ontology/SNOMEDCT/442331000124104
C000569|DRIED APPLE|http://purl.bioontology.org/ontology/SNOMEDCT/227451009;http://purl.bioontology.org/ontology/SNOMEDCT/735215001
C000570|CITRUS FRUIT|http://purl.bioontology.org/ontology/SNOMEDCT/102259006;http://purl.bioontology.org/ontology/SNOMEDCT/72511004
C000571|LAGER|http://purl.bioontology.org/ontology/SNOMEDCT/226036004
C000572|APPLE FLAVOR|http://purl.bioontology.org/ontology/SNOMEDCT/229775001;http://purl.bioontology.org/ontology/SNOMEDCT/735215001
C000573|COFFEE BEAN|http://purl.bioontology.org/ontology/SNOMEDCT/29263009;http://purl.bioontology.org/ontology/SNOMEDCT/445571000124101;http://purl.bioontology.org/ontology/SNOMEDCT/256354006
C000574|ROAST PORK|http://purl.bioontology.org/ontology/SNOMEDCT/226934003;http://purl.bioontology.org/ontology/SNOMEDCT/226938000
C000575|ORANGE ROUGHY|http://purl.bioontology.org/ontology/SNOMEDCT/227130002
C000576|FLOUNDER|http://purl.bioontology.org/ontology/SNOMEDCT/442621000124106
C000577|SCAMPI|http://purl.bioontology.org/ontology/SNOMEDCT/227156009
C000578|ROAST TURKEY|http://purl.bioontology.org/ontology/SNOMEDCT/226968009
C000579|SEA BASS|http://purl.bioontology.org/ontology/SNOMEDCT/726749009
C000580|GROUPER|http://purl.bioontology.org/ontology/SNOMEDCT/444151000124102
C000581|FOODS|http://purl.bioontology.org/ontology/SNOMEDCT/255620007
